,mean,sd,quality
2013-01-02,0.0,0.0,100.0
2013-01-03,0.0,0.0,100.0
2013-01-04,11.757654320987657,2.056706269502854,100.0
2013-01-05,7.5079012345679015,1.6376306940587848,100.0
2013-01-06,11.034197530864198,2.8281791245417653,100.0
2013-01-07,27.85950617283951,5.205338101707364,100.0
2013-01-08,39.03308641975308,5.535263011360731,100.0
2013-01-09,30.609506172839506,4.584967530210702,100.0
2013-01-10,15.362962962962964,3.060827275608853,100.0
2013-01-11,5.387037037037038,1.5616077007722238,100.0
2013-01-12,0.0,0.0,100.0
2013-01-13,0.0,0.0,100.0
2013-01-14,0.0,0.0,100.0
2013-01-15,0.0,0.0,100.0
2013-01-16,0.0,0.0,100.0
2013-01-17,0.0,0.0,100.0
2013-01-18,0.0,0.0,100.0
2013-01-19,0.0,0.0,100.0
2013-01-20,0.0,0.0,100.0
2013-01-21,0.0,0.0,100.0
2013-01-22,0.0,0.0,100.0
2013-01-23,0.0,0.0,100.0
2013-01-24,15.325185185185184,4.1014052808492085,100.0
2013-01-25,19.170864197530864,3.401161271364115,100.0
2013-01-26,9.075061728395061,2.78075265146722,100.0
2013-01-27,13.852222222222222,3.2657759414877194,100.0
2013-01-28,24.761358024691358,4.727155527663126,100.0
2013-01-29,52.678888888888885,6.520024731548187,100.0
2013-01-30,26.365802469135797,4.602607647898506,100.0
2013-01-31,20.380123456790123,3.3857334854604106,100.0
2013-02-01,8.215308641975309,2.3663474419555093,100.0
2013-02-02,0.0,0.0,100.0
2013-02-03,0.0,0.0,100.0
2013-02-04,0.7075308641975309,1.4270227143113365,100.0
2013-02-05,4.91283950617284,1.1465930343499184,100.0
2013-02-06,13.28296296296296,1.46164927773769,100.0
2013-02-07,7.926172839506172,1.3656899061474705,100.0
2013-02-08,5.602345679012346,4.038934968405947,100.0
2013-02-09,0.0,0.0,100.0
2013-02-10,3.096455696202532,0.5370003055308389,97.53086419753086
2013-02-11,0.0,0.0,100.0
2013-02-12,0.0,0.0,100.0
2013-02-13,9.537530864197532,3.0946322604084147,100.0
2013-02-14,14.201604938271604,3.737736432919703,100.0
2013-02-15,9.881358024691357,3.1077981566884376,100.0
2013-02-16,0.0,0.0,100.0
2013-02-17,11.525308641975311,1.4186799202249192,100.0
2013-02-18,1.0466250000000001,1.561100669602352,98.76543209876543
2013-02-19,0.0,0.0,100.0
2013-02-20,0.0,0.0,100.0
2013-02-21,8.253333333333334,2.1449370620137085,100.0
2013-02-22,19.093580246913582,3.668863689428232,100.0
2013-02-23,36.861111111111114,3.6868258705829877,100.0
2013-02-24,18.464197530864197,3.508226355367314,100.0
2013-02-25,9.492345679012345,2.8097447711513484,100.0
2013-02-26,27.43888888888889,3.068899639936112,100.0
2013-02-27,8.418024691358024,2.708830660890916,100.0
2013-02-28,0.0,0.0,100.0
2013-03-01,34.439135802469146,3.5688797953737756,100.0
2013-03-02,6.582962962962963,3.2883318128058656,100.0
2013-03-03,7.7850617283950605,1.2004687870336217,100.0
2013-03-04,0.46382716049382716,1.2478216698523417,100.0
2013-03-05,0.0,0.0,100.0
2013-03-06,6.119382716049383,1.343980418085595,100.0
2013-03-07,27.425432098765434,2.938516653595278,100.0
2013-03-08,9.668395061728395,1.0840680984030977,100.0
2013-03-09,0.0,0.0,100.0
2013-03-10,0.0,0.0,100.0
2013-03-11,6.294444444444443,1.169138571769831,100.0
2013-03-12,4.0186419753086415,1.066688512507775,100.0
2013-03-13,14.442962962962964,1.5232600274119688,100.0
2013-03-14,7.764197530864197,1.3214394274781673,100.0
2013-03-15,6.7104938271604935,1.847055021672722,100.0
2013-03-16,11.186913580246914,2.565985990791507,100.0
2013-03-17,27.60432098765433,3.707346739337853,100.0
2013-03-18,18.033086419753083,3.715850387857169,100.0
2013-03-19,12.700987654320988,4.275757419726437,100.0
2013-03-20,22.690617283950616,5.026204916654068,100.0
2013-03-21,34.58506172839506,5.0270941217210146,100.0
2013-03-22,21.127901234567904,3.830706108555374,100.0
2013-03-23,6.9130864197530855,2.155166259233443,100.0
2013-03-24,0.0,0.0,100.0
2013-03-25,0.0,0.0,100.0
2013-03-26,0.0,0.0,100.0
2013-03-27,0.0,0.0,100.0
2013-03-28,2.12675,0.1779615589269104,98.76543209876543
2013-03-29,0.0,0.0,100.0
2013-03-30,0.0,0.0,100.0
2013-03-31,0.0,0.0,100.0
2013-04-01,0.0,0.0,100.0
2013-04-02,0.0,0.0,100.0
2013-04-03,0.0,0.0,100.0
2013-04-04,0.0,0.0,100.0
2013-04-05,27.113209876543205,3.1500546928428452,100.0
2013-04-06,21.830617283950616,2.099691849819285,100.0
2013-04-07,23.39679012345679,2.5517434369272385,100.0
2013-04-08,36.16148148148148,3.181513441395113,100.0
2013-04-09,9.30469135802469,2.4626967365165737,100.0
2013-04-10,6.320370370370371,1.551179748163027,100.0
2013-04-11,15.272469135802469,1.8044164782999776,100.0
2013-04-12,0.0,0.0,100.0
2013-04-13,26.59913580246914,5.156843316780835,100.0
2013-04-14,39.93679012345679,5.125130443988839,100.0
2013-04-15,11.107283950617283,3.1762647136005833,100.0
2013-04-16,6.734320987654321,2.1019722514055728,100.0
2013-04-17,8.040987654320986,2.249040687125442,100.0
2013-04-18,5.695308641975308,2.919790697301672,100.0
2013-04-19,30.627777777777776,3.8152362312181927,100.0
2013-04-20,26.37444444444445,2.952311806025915,100.0
2013-04-21,6.321358024691357,1.4519656961223462,100.0
2013-04-22,3.8766666666666665,0.3919566302539096,100.0
2013-04-23,0.0,0.0,100.0
2013-04-24,0.0,0.0,100.0
2013-04-25,0.0,0.0,100.0
2013-04-26,0.0,0.0,100.0
2013-04-27,0.0,0.0,100.0
2013-04-28,8.116296296296294,0.7048411956682946,100.0
2013-04-29,14.110000000000001,1.131532147135025,100.0
2013-04-30,8.4879012345679,1.3610535588739543,100.0
2013-05-01,1.3127160493827161,4.374285087973142,100.0
2013-05-02,0.0,0.0,100.0
2013-05-03,0.0,0.0,100.0
2013-05-04,0.0,0.0,100.0
2013-05-05,0.0,0.0,100.0
2013-05-06,0.0,0.0,100.0
2013-05-07,0.0,0.0,100.0
2013-05-08,0.0,0.0,100.0
2013-05-09,0.0,0.0,100.0
2013-05-10,0.0,0.0,100.0
2013-05-11,0.0,0.0,100.0
2013-05-12,0.0,0.0,100.0
2013-05-13,3.2053086419753085,0.6498616899382381,100.0
2013-05-14,8.847037037037037,0.1794606115868077,100.0
2013-05-15,0.0,0.0,100.0
2013-05-16,3.28325,0.3591543337383498,98.76543209876543
2013-05-17,10.31037037037037,1.005757729829163,100.0
2013-05-18,6.753333333333335,0.7279543254902742,100.0
2013-05-19,4.861975308641975,0.8929465546059944,100.0
2013-05-20,0.0,0.0,100.0
2013-05-21,1.7295061728395063,3.2969125334297873,100.0
2013-05-22,17.808765432098767,2.6089089590842613,100.0
2013-05-23,22.378271604938273,2.162130193884874,100.0
2013-05-24,10.588024691358026,1.3392109801606003,100.0
2013-05-25,4.14641975308642,0.6449405178812525,100.0
2013-05-26,1.7281481481481484,0.38663326005114684,100.0
2013-05-27,4.627283950617284,1.0423495243267478,100.0
2013-05-28,18.789753086419754,1.7680504625919489,100.0
2013-05-29,10.765432098765432,1.6766708452933718,100.0
2013-05-30,20.08654320987654,1.8448110746725717,100.0
2013-05-31,7.200370370370369,1.267124149841329,100.0
2013-06-01,0.0,0.0,100.0
2013-06-02,0.0,0.0,100.0
2013-06-03,0.0,0.0,100.0
2013-06-04,0.0,0.0,100.0
2013-06-05,0.0,0.0,100.0
2013-06-06,0.0,0.0,100.0
2013-06-07,0.0,0.0,100.0
2013-06-08,0.0,0.0,100.0
2013-06-09,0.0,0.0,100.0
2013-06-10,0.0,0.0,100.0
2013-06-11,0.0,0.0,100.0
2013-06-12,5.3570370370370375,0.9512629032560406,100.0
2013-06-13,7.466172839506174,1.0416100132742034,100.0
2013-06-14,4.220123456790124,0.6314675245552231,100.0
2013-06-15,0.0,0.0,100.0
2013-06-16,0.0,0.0,100.0
2013-06-17,0.0,0.0,100.0
2013-06-18,0.0,0.0,100.0
2013-06-19,0.0,0.0,100.0
2013-06-20,8.92962962962963,1.2231306598688103,100.0
2013-06-21,16.000864197530866,1.620615776125594,100.0
2013-06-22,5.914197530864198,1.1193378223279276,100.0
2013-06-23,0.0,0.0,100.0
2013-06-24,10.32716049382716,1.096968817432726,100.0
2013-06-25,7.809506172839507,0.8998304024017081,100.0
2013-06-26,7.550246913580246,0.5401503848666638,100.0
2013-06-27,6.063086419753087,0.41823331399862396,100.0
2013-06-28,0.27086419753086416,0.5970096262432965,100.0
2013-06-29,0.0,0.0,100.0
2013-06-30,0.0,0.0,100.0
2013-07-01,0.0,0.0,100.0
2013-07-02,0.0,0.0,100.0
2013-07-03,0.0,0.0,100.0
2013-07-04,0.0,0.0,100.0
2013-07-05,0.0,0.0,100.0
2013-07-06,0.0,0.0,100.0
2013-07-07,0.0,0.0,100.0
2013-07-08,0.0,0.0,100.0
2013-07-09,0.0,0.0,100.0
2013-07-10,0.0,0.0,100.0
2013-07-11,0.0,0.0,100.0
2013-07-12,0.0,0.0,100.0
2013-07-13,0.0,0.0,100.0
2013-07-14,0.0,0.0,100.0
2013-07-15,0.0,0.0,100.0
2013-07-16,0.0,0.0,100.0
2013-07-17,0.20407407407407407,0.6235238122513401,100.0
2013-07-18,0.0,0.0,100.0
2013-07-19,0.0,0.0,100.0
2013-07-20,0.0,0.0,100.0
2013-07-21,0.0,0.0,100.0
2013-07-22,0.0,0.0,100.0
2013-07-23,0.0,0.0,100.0
2013-07-24,0.0,0.0,100.0
2013-07-25,0.0,0.0,100.0
2013-07-26,0.0,0.0,100.0
2013-07-27,0.0,0.0,100.0
2013-07-28,0.0,0.0,100.0
2013-07-29,0.0,0.0,100.0
2013-07-30,0.0,0.0,100.0
2013-07-31,0.0,0.0,100.0
2013-08-01,0.0,0.0,100.0
2013-08-02,6.438888888888888,3.979066787577208,100.0
2013-08-03,5.943580246913579,4.800533644461305,100.0
2013-08-04,0.0,0.0,100.0
2013-08-05,0.0,0.0,100.0
2013-08-06,0.0,0.0,100.0
2013-08-07,0.0,0.0,100.0
2013-08-08,0.0,0.0,100.0
2013-08-09,0.0,0.0,100.0
2013-08-10,9.003086419753087,0.7770209810154881,100.0
2013-08-11,3.519135802469136,0.7410519508287934,100.0
2013-08-12,0.0,0.0,100.0
2013-08-13,0.0,0.0,100.0
2013-08-14,0.0,0.0,100.0
2013-08-15,2.23125,0.1994954077705023,98.76543209876543
2013-08-16,1.567037037037037,0.15914965005023138,100.0
2013-08-17,0.0,0.0,100.0
2013-08-18,0.0,0.0,100.0
2013-08-19,0.0,0.0,100.0
2013-08-20,0.0,0.0,100.0
2013-08-21,0.0,0.0,100.0
2013-08-22,0.0,0.0,100.0
2013-08-23,0.0,0.0,100.0
2013-08-24,0.0,0.0,100.0
2013-08-25,0.0,0.0,100.0
2013-08-26,2.4962025316455696,0.6956555731134231,97.53086419753086
2013-08-27,5.022222222222223,0.9814389945381222,100.0
2013-08-28,6.799135802469136,0.8505030827852187,100.0
2013-08-29,8.018148148148148,0.8703118853478778,100.0
2013-08-30,17.543333333333333,1.5362730877028343,100.0
2013-08-31,0.0,0.0,100.0
2013-09-01,0.0,0.0,100.0
2013-09-02,0.0,0.0,100.0
2013-09-03,0.0,0.0,100.0
2013-09-04,0.0,0.0,100.0
2013-09-05,0.0,0.0,100.0
2013-09-06,38.48246913580247,2.019609820524869,100.0
2013-09-07,25.909753086419755,1.0818745020895932,100.0
2013-09-08,0.0,0.0,100.0
2013-09-09,0.0,0.0,100.0
2013-09-10,0.0,0.0,100.0
2013-09-11,0.0,0.0,100.0
2013-09-12,0.0,0.0,100.0
2013-09-13,0.0,0.0,100.0
2013-09-14,0.0,0.0,100.0
2013-09-15,0.0,0.0,100.0
2013-09-16,3.224691358024692,3.3184624023859874,100.0
2013-09-17,10.19098765432099,2.055475373811537,100.0
2013-09-18,10.189506172839506,1.510943332189007,100.0
2013-09-19,0.0,0.0,100.0
2013-09-20,0.0,0.0,100.0
2013-09-21,2.6835802469135803,1.6013036163092051,100.0
2013-09-22,9.834320987654321,2.7890222024356515,100.0
2013-09-23,28.535679012345682,3.584076219289848,100.0
2013-09-24,14.360617283950617,2.7574904105359157,100.0
2013-09-25,6.379753086419753,1.3686279400449213,100.0
2013-09-26,4.972098765432099,1.1434527931329115,100.0
2013-09-27,0.0,0.0,100.0
2013-09-28,33.55654320987655,6.132126906810929,100.0
2013-09-29,73.93358024691358,6.031012209538706,100.0
2013-09-30,60.24925925925927,5.6140855839971335,100.0
2013-10-01,51.58222222222222,5.012514837883275,100.0
2013-10-02,15.28901234567901,2.5313240630835234,100.0
2013-10-03,5.395802469135802,1.0375209205089926,100.0
2013-10-04,2.8575000000000004,0.20100497506280784,93.82716049382715
2013-10-05,0.0,0.0,100.0
2013-10-06,0.0,0.0,100.0
2013-10-07,0.0,0.0,100.0
2013-10-08,16.62938271604938,1.1640418223575693,100.0
2013-10-09,11.504814814814814,0.5144125560071194,100.0
2013-10-10,3.1529629629629627,0.11944082681860133,100.0
2013-10-11,3.5412345679012343,0.1737410624755226,100.0
2013-10-12,3.373456790123457,0.22571641773377474,100.0
2013-10-13,4.530987654320987,0.4133388589833758,100.0
2013-10-14,0.0,0.0,100.0
2013-10-15,0.0,0.0,100.0
2013-10-16,0.0,0.0,100.0
2013-10-17,0.0,0.0,100.0
2013-10-18,0.0,0.0,100.0
2013-10-19,0.0,0.0,100.0
2013-10-20,0.0,0.0,100.0
2013-10-21,0.0,0.0,100.0
2013-10-22,0.0,0.0,100.0
2013-10-23,0.0,0.0,100.0
2013-10-24,0.0,0.0,100.0
2013-10-25,0.0,0.0,100.0
2013-10-26,0.0,0.0,100.0
2013-10-27,0.0,0.0,100.0
2013-10-28,0.0,0.0,100.0
2013-10-29,0.0,0.0,100.0
2013-10-30,0.0,0.0,100.0
2013-10-31,0.0,0.0,100.0
2013-11-01,16.08320987654321,2.121859342157541,100.0
2013-11-02,16.536172839506175,3.038707195462091,100.0
2013-11-03,25.07851851851852,3.4839162989052674,100.0
2013-11-04,12.550864197530863,2.9004487573179363,100.0
2013-11-05,15.092962962962963,3.527018374081869,100.0
2013-11-06,12.099876543209875,3.314071323096095,100.0
2013-11-07,24.79604938271605,4.807341957623866,100.0
2013-11-08,37.739629629629626,3.240509776425788,100.0
2013-11-09,10.224938271604938,2.4551130948781106,100.0
2013-11-10,5.886049382716049,0.9843940763387721,100.0
2013-11-11,0.0,0.0,100.0
2013-11-12,0.0,0.0,100.0
2013-11-13,6.652962962962964,0.6843435621901554,100.0
2013-11-14,4.725555555555555,1.1154494609797434,100.0
2013-11-15,6.964444444444444,1.7310466487070761,100.0
2013-11-16,25.139753086419756,2.2749093252856483,100.0
2013-11-17,15.079753086419753,1.849329591574094,100.0
2013-11-18,15.182962962962963,2.074173597149262,100.0
2013-11-19,21.475308641975307,2.042402437339268,100.0
2013-11-20,11.485061728395062,1.1065770685505711,100.0
2013-11-21,0.0,0.0,100.0
2013-11-22,0.0,0.0,100.0
2013-11-23,0.0,0.0,100.0
2013-11-24,0.0,0.0,100.0
2013-11-25,0.0,0.0,100.0
2013-11-26,0.0,0.0,100.0
2013-11-27,0.0,0.0,100.0
2013-11-28,0.0,0.0,100.0
2013-11-29,0.0,0.0,100.0
2013-11-30,0.0,0.0,100.0
2013-12-01,26.589012345679013,1.797858173590364,100.0
2013-12-02,56.5837037037037,1.1978464472173016,100.0
2013-12-03,7.291851851851852,0.5743194039711508,100.0
2013-12-04,0.0,0.0,100.0
2013-12-05,0.0,0.0,100.0
2013-12-06,0.0,0.0,100.0
2013-12-07,0.0,0.0,100.0
2013-12-08,0.0,0.0,100.0
2013-12-09,0.0,0.0,100.0
2013-12-10,0.0,0.0,100.0
2013-12-11,17.01975308641975,2.3626864875119606,100.0
2013-12-12,6.771604938271605,2.4219508958637683,100.0
2013-12-13,19.535555555555558,4.006080066598769,100.0
2013-12-14,10.924691358024692,3.7160812983638265,100.0
2013-12-15,0.0,0.0,100.0
2013-12-16,0.0,0.0,100.0
2013-12-17,0.0,0.0,100.0
2013-12-18,0.0,0.0,100.0
2013-12-19,0.0,0.0,100.0
2013-12-20,0.0,0.0,100.0
2013-12-21,55.96358024691358,6.717242795344302,100.0
2013-12-22,19.98592592592593,5.344887224670361,100.0
2013-12-23,20.221604938271607,4.184674257570751,100.0
2013-12-24,13.73938271604938,2.4365110022730314,100.0
2013-12-25,0.0,0.0,100.0
2013-12-26,0.0,0.0,100.0
2013-12-27,0.0,0.0,100.0
2013-12-28,0.0,0.0,100.0
2013-12-29,0.0,0.0,100.0
2013-12-30,0.0,0.0,100.0
2013-12-31,9.262962962962964,1.3983199244490192,100.0
2014-01-01,3.844074074074074,1.0103845527542692,100.0
2014-01-02,3.2564197530864196,0.949862238224543,100.0
2014-01-03,13.205802469135804,1.6687299543346812,100.0
2014-01-04,0.0,0.0,100.0
2014-01-05,0.0,0.0,100.0
2014-01-06,0.058395061728395065,0.5255555555555557,100.0
2014-01-07,8.790123456790123,2.7727466048248806,100.0
2014-01-08,14.169135802469137,4.0850119943308805,100.0
2014-01-09,36.32580246913581,6.032555193323458,100.0
2014-01-10,32.42679012345679,5.691846762510498,100.0
2014-01-11,33.13827160493827,5.6191716004504295,100.0
2014-01-12,47.88061728395061,5.405030375881113,100.0
2014-01-13,49.21172839506173,4.6892170962015225,100.0
2014-01-14,11.341728395061727,2.3211229987462194,100.0
2014-01-15,3.4670370370370374,0.4655170363274701,100.0
2014-01-16,0.0,0.0,100.0
2014-01-17,0.0,0.0,100.0
2014-01-18,0.0,0.0,100.0
2014-01-19,0.0,0.0,100.0
2014-01-20,0.0,0.0,100.0
2014-01-21,0.0,0.0,100.0
2014-01-22,0.0,0.0,100.0
2014-01-23,0.0,0.0,100.0
2014-01-24,0.0,0.0,100.0
2014-01-25,0.0,0.0,100.0
2014-01-26,0.0,0.0,100.0
2014-01-27,0.0,0.0,100.0
2014-01-28,0.0,0.0,100.0
2014-01-29,22.63,5.729875871255851,100.0
2014-01-30,36.88012345679012,4.921077497313765,100.0
2014-01-31,23.411851851851857,4.139796828079582,100.0
2014-02-01,8.404320987654321,1.8780308425792727,100.0
2014-02-02,2.3377777777777777,1.6579957780404628,100.0
2014-02-03,2.436049382716049,1.3574587277449228,100.0
2014-02-04,0.0,0.0,100.0
2014-02-05,0.0,0.0,100.0
2014-02-06,0.0,0.0,100.0
2014-02-07,5.337654320987655,0.5584605438277136,100.0
2014-02-08,6.207654320987655,0.8410206174716204,100.0
2014-02-09,10.722716049382717,1.5383692764951455,100.0
2014-02-10,9.039124999999999,3.168404219892549,98.76543209876543
2014-02-11,34.00382716049382,5.423635212636732,100.0
2014-02-12,34.0179012345679,5.6725419161186865,100.0
2014-02-13,28.586666666666673,5.3292206278216705,100.0
2014-02-14,20.192716049382717,4.706050629866215,100.0
2014-02-15,24.04716049382716,4.696732171033362,100.0
2014-02-16,36.1220987654321,5.752382705464186,100.0
2014-02-17,48.17320987654321,6.085230034099059,100.0
2014-02-18,44.28123456790123,5.400159345499921,100.0
2014-02-19,37.915432098765436,4.89430997419011,100.0
2014-02-20,34.242469135802466,4.189724194641038,100.0
2014-02-21,32.49086419753087,3.6859432976956064,100.0
2014-02-22,0.0,0.0,100.0
2014-02-23,12.69037037037037,3.789790378254595,100.0
2014-02-24,17.70716049382716,4.276535757645404,100.0
2014-02-25,23.187654320987654,5.2598023421999756,100.0
2014-02-26,0.0,0.0,100.0
2014-02-27,0.0,0.0,100.0
2014-02-28,0.0,0.0,100.0
2014-03-01,0.0,0.0,100.0
2014-03-02,12.190617283950617,3.6464425628545873,100.0
2014-03-03,39.483950617283945,5.707821755935522,100.0
2014-03-04,39.610987654320994,5.434203392618433,100.0
2014-03-05,27.102345679012345,5.603325635639281,100.0
2014-03-06,54.131851851851856,5.25125392432872,100.0
2014-03-07,41.26481481481481,5.305171088454903,100.0
2014-03-08,5.931358024691357,8.051874277627293,100.0
2014-03-09,54.43469135802469,4.599962795072302,100.0
2014-03-10,24.944814814814816,3.0529351086745646,100.0
2014-03-11,17.752962962962965,2.4713434830292433,100.0
2014-03-12,0.0,0.0,100.0
2014-03-13,0.0,0.0,100.0
2014-03-14,1.928395061728395,6.340617765011175,100.0
2014-03-15,15.545308641975309,2.1468553085965953,100.0
2014-03-16,12.617037037037038,2.59078966940798,100.0
2014-03-17,30.5737037037037,2.64774783752364,100.0
2014-03-18,7.721234567901234,0.7047311237558077,100.0
2014-03-19,4.6624691358024695,0.738275915332807,100.0
2014-03-20,9.806296296296297,1.049805272948803,100.0
2014-03-21,5.577407407407407,1.0347690295154977,100.0
2014-03-22,0.0,0.0,100.0
2014-03-23,0.0,0.0,100.0
2014-03-24,0.0,0.0,100.0
2014-03-25,0.0,0.0,100.0
2014-03-26,13.771481481481482,2.0688536143907763,100.0
2014-03-27,11.068395061728395,2.6944644443702184,100.0
2014-03-28,16.41679012345679,4.776210272580263,100.0
2014-03-29,34.842716049382716,5.957500946778288,100.0
2014-03-30,33.42395061728395,6.116034393095813,100.0
2014-03-31,20.052592592592596,5.895778103392668,100.0
2014-04-01,0.0,0.0,100.0
2014-04-02,0.0,0.0,100.0
2014-04-03,0.0,0.0,100.0
2014-04-04,11.032222222222224,2.9106245034356455,100.0
2014-04-05,12.931234567901235,3.047920759598275,100.0
2014-04-06,19.962716049382717,3.6168543004749583,100.0
2014-04-07,14.703333333333331,3.4562327757256166,100.0
2014-04-08,0.0,0.0,100.0
2014-04-09,11.605432098765434,1.2066006478768319,100.0
2014-04-10,0.0,0.0,100.0
2014-04-11,0.0,0.0,100.0
2014-04-12,0.0,0.0,100.0
2014-04-13,0.0,0.0,100.0
2014-04-14,0.0,0.0,100.0
2014-04-15,0.0,0.0,100.0
2014-04-16,4.907283950617285,0.7438565257253562,100.0
2014-04-17,18.241481481481483,1.503350517270599,100.0
2014-04-18,19.365308641975307,1.7795330050463756,100.0
2014-04-19,7.90037037037037,2.384041969242805,100.0
2014-04-20,16.19827160493827,2.1177758321665308,100.0
2014-04-21,6.792222222222222,1.562873155441605,100.0
2014-04-22,8.029012345679012,1.0080496080777368,100.0
2014-04-23,13.024567901234567,0.7561349902344092,100.0
2014-04-24,31.223456790123457,0.49390576149156995,100.0
2014-04-25,18.773456790123454,0.43165136538017324,100.0
2014-04-26,6.3072839506172835,1.0041115629571236,100.0
2014-04-27,13.537407407407407,1.8281156813627644,100.0
2014-04-28,20.955679012345676,1.8228219456872394,100.0
2014-04-29,0.0,0.0,100.0
2014-04-30,0.0,0.0,100.0
2014-05-01,0.0,0.0,100.0
2014-05-02,0.0,0.0,100.0
2014-05-03,0.0,0.0,100.0
2014-05-04,8.435925925925925,0.9502851911107761,100.0
2014-05-05,17.40567901234568,0.9011963413590915,100.0
2014-05-06,11.62962962962963,1.0667221339744999,100.0
2014-05-07,7.909753086419753,1.2394383559788702,100.0
2014-05-08,0.0,0.0,100.0
2014-05-09,23.46283950617284,2.419219520097288,100.0
2014-05-10,22.71172839506173,2.7712126362494525,100.0
2014-05-11,11.93506172839506,2.8513089640798266,100.0
2014-05-12,0.0,0.0,100.0
2014-05-13,0.0,0.0,100.0
2014-05-14,0.0,0.0,100.0
2014-05-15,0.0,0.0,100.0
2014-05-16,0.0,0.0,100.0
2014-05-17,0.0,0.0,100.0
2014-05-18,0.0,0.0,100.0
2014-05-19,9.34432098765432,0.5353035080017804,100.0
2014-05-20,0.0,0.0,100.0
2014-05-21,0.0,0.0,100.0
2014-05-22,0.0,0.0,100.0
2014-05-23,0.0,0.0,100.0
2014-05-24,5.043086419753086,0.5829379083043679,100.0
2014-05-25,0.0,0.0,100.0
2014-05-26,9.971481481481483,0.5083013651150051,100.0
2014-05-27,8.754567901234568,0.2437008893229365,100.0
2014-05-28,2.667901234567901,0.14170141186119772,100.0
2014-05-29,9.343703703703705,0.2907853351032529,100.0
2014-05-30,0.0,0.0,100.0
2014-05-31,0.0,0.0,100.0
2014-06-01,0.0,0.0,100.0
2014-06-02,0.0,0.0,100.0
2014-06-03,0.0,0.0,100.0
2014-06-04,0.0,0.0,100.0
2014-06-05,0.0,0.0,100.0
2014-06-06,0.0,0.0,100.0
2014-06-07,0.0,0.0,100.0
2014-06-08,0.0,0.0,100.0
2014-06-09,0.0,0.0,100.0
2014-06-10,0.0,0.0,100.0
2014-06-11,0.0,0.0,100.0
2014-06-12,0.0,0.0,100.0
2014-06-13,8.80962962962963,0.6706292650273407,100.0
2014-06-14,12.897777777777778,1.175106378163271,100.0
2014-06-15,6.141234567901234,1.1821753071309362,100.0
2014-06-16,8.321975308641976,1.2067035880375578,100.0
2014-06-17,10.954444444444446,1.1771002506158936,100.0
2014-06-18,5.368024691358024,0.7930170549128914,100.0
2014-06-19,0.0,0.0,100.0
2014-06-20,2.26275,0.18334428429127125,98.76543209876543
2014-06-21,0.0,0.0,100.0
2014-06-22,0.0,0.0,100.0
2014-06-23,0.0,0.0,100.0
2014-06-24,0.0,0.0,100.0
2014-06-25,0.0,0.0,100.0
2014-06-26,4.35037037037037,0.6082833312783699,100.0
2014-06-27,8.80469135802469,1.101210795465329,100.0
2014-06-28,23.915185185185184,2.0881882764199635,100.0
2014-06-29,11.159382716049384,1.6352915226948164,100.0
2014-06-30,3.0302469135802466,0.9996824187068635,100.0
2014-07-01,0.0,0.0,100.0
2014-07-02,0.0,0.0,100.0
2014-07-03,0.0,0.0,100.0
2014-07-04,0.0,0.0,100.0
2014-07-05,0.0,0.0,100.0
2014-07-06,0.0,0.0,100.0
2014-07-07,0.0,0.0,100.0
2014-07-08,0.0,0.0,100.0
2014-07-09,0.0,0.0,100.0
2014-07-10,0.0,0.0,100.0
2014-07-11,0.0,0.0,100.0
2014-07-12,0.0,0.0,100.0
2014-07-13,0.0,0.0,100.0
2014-07-14,0.0,0.0,100.0
2014-07-15,0.0,0.0,100.0
2014-07-16,0.0,0.0,100.0
2014-07-17,0.0,0.0,100.0
2014-07-18,0.0,0.0,100.0
2014-07-19,0.0,0.0,100.0
2014-07-20,3.6013580246913577,0.06906071760450642,100.0
2014-07-21,0.0,0.0,100.0
2014-07-22,0.0,0.0,100.0
2014-07-23,18.09716049382716,2.8710830859485332,100.0
2014-07-24,31.13641975308641,1.657563202899044,100.0
2014-07-25,5.427037037037037,0.8945116606904078,100.0
2014-07-26,0.0,0.0,100.0
2014-07-27,0.0,0.0,100.0
2014-07-28,0.0,0.0,100.0
2014-07-29,0.0,0.0,100.0
2014-07-30,0.0,0.0,100.0
2014-07-31,0.0,0.0,100.0
2014-08-01,0.0,0.0,100.0
2014-08-02,0.0,0.0,100.0
2014-08-03,0.0,0.0,100.0
2014-08-04,0.0,0.0,100.0
2014-08-05,0.0,0.0,100.0
2014-08-06,0.0,0.0,100.0
2014-08-07,0.0,0.0,100.0
2014-08-08,0.0,0.0,100.0
2014-08-09,0.0,0.0,100.0
2014-08-10,0.0,0.0,100.0
2014-08-11,0.0,0.0,100.0
2014-08-12,0.0,0.0,100.0
2014-08-13,31.94271604938271,1.1577532253741283,100.0
2014-08-14,13.732469135802472,0.053561433517913086,100.0
2014-08-15,6.921234567901235,0.5182479684380089,100.0
2014-08-16,0.0,0.0,100.0
2014-08-17,0.0,0.0,100.0
2014-08-18,0.0,0.0,100.0
2014-08-19,0.0,0.0,100.0
2014-08-20,0.0,0.0,100.0
2014-08-21,0.0,0.0,100.0
2014-08-22,0.0,0.0,100.0
2014-08-23,0.0,0.0,100.0
2014-08-24,0.0,0.0,100.0
2014-08-25,5.432716049382716,0.31177721351022036,100.0
2014-08-26,0.0,0.0,100.0
2014-08-27,0.0,0.0,100.0
2014-08-28,0.0,0.0,100.0
2014-08-29,0.0,0.0,100.0
2014-08-30,0.961111111111111,1.4563962372925852,100.0
2014-08-31,11.050246913580247,1.868486670616519,100.0
2014-09-01,0.0,0.0,100.0
2014-09-02,0.0,0.0,100.0
2014-09-03,8.973333333333334,1.2056668279421143,100.0
2014-09-04,4.949382716049383,1.0281844991038966,100.0
2014-09-05,0.0,0.0,100.0
2014-09-06,0.0,0.0,100.0
2014-09-07,0.0,0.0,100.0
2014-09-08,0.0,0.0,100.0
2014-09-09,0.11506172839506174,0.282909541447395,100.0
2014-09-10,0.0,0.0,100.0
2014-09-11,0.0,0.0,100.0
2014-09-12,0.0,0.0,100.0
2014-09-13,0.0,0.0,100.0
2014-09-14,0.0,0.0,100.0
2014-09-15,0.0,0.0,100.0
2014-09-16,0.0,0.0,100.0
2014-09-17,0.0,0.0,100.0
2014-09-18,0.0,0.0,100.0
2014-09-19,2.51641975308642,0.32656281417965866,100.0
2014-09-20,0.0,0.0,100.0
2014-09-21,0.0,0.0,100.0
2014-09-22,0.0,0.0,100.0
2014-09-23,0.0,0.0,100.0
2014-09-24,20.886296296296297,3.849261112357943,100.0
2014-09-25,18.998024691358022,3.025572846484235,100.0
2014-09-26,14.115555555555558,3.0691484975478134,100.0
2014-09-27,12.239135802469134,2.3819892933905393,100.0
2014-09-28,0.837777777777778,2.1163459074546394,100.0
2014-09-29,0.0,0.0,100.0
2014-09-30,5.096666666666667,0.2777993880482821,100.0
2014-10-01,11.401111111111112,0.876184911990614,100.0
2014-10-02,0.0,0.0,100.0
2014-10-03,0.0,0.0,100.0
2014-10-04,0.0,0.0,100.0
2014-10-05,0.0,0.0,100.0
2014-10-06,0.0,0.0,100.0
2014-10-07,0.0,0.0,100.0
2014-10-08,0.0,0.0,100.0
2014-10-09,0.0,0.0,100.0
2014-10-10,0.0,0.0,100.0
2014-10-11,0.0,0.0,100.0
2014-10-12,14.647160493827162,0.46962813631612094,100.0
2014-10-13,1.6195061728395062,0.14572149150492442,100.0
2014-10-14,7.992345679012347,0.6186017935734957,100.0
2014-10-15,10.759876543209876,0.7012069841123242,100.0
2014-10-16,18.90074074074074,1.7510302522927594,100.0
2014-10-17,1.418875,2.156773254251166,98.76543209876543
2014-10-18,26.619012345679018,2.1731944258040232,100.0
2014-10-19,8.050370370370372,0.9401109568083498,100.0
2014-10-20,0.0,0.0,100.0
2014-10-21,15.563827160493826,2.5824356564594373,100.0
2014-10-22,25.862469135802463,4.273364462242893,100.0
2014-10-23,52.381111111111125,3.8190047787348993,100.0
2014-10-24,15.415925925925926,1.8932840369169242,100.0
2014-10-25,12.544691358024691,1.8562280883688251,100.0
2014-10-26,23.231975308641974,1.892577224153011,100.0
2014-10-27,20.759135802469135,2.71571730742122,100.0
2014-10-28,14.326296296296293,3.2327578955299314,100.0
2014-10-29,30.337283950617287,3.9510745412943296,100.0
2014-10-30,11.457037037037038,3.3800600750742746,100.0
2014-10-31,35.144320987654325,3.09702717871171,100.0
2014-11-01,12.822592592592594,1.7712557535388402,100.0
2014-11-02,7.088024691358025,2.6990861507893213,100.0
2014-11-03,30.087654320987653,6.18679890403853,100.0
2014-11-04,42.74049382716049,6.4354321729846875,100.0
2014-11-05,24.253703703703703,5.560402288603866,100.0
2014-11-06,12.585679012345679,3.4983156440891685,100.0
2014-11-07,14.981358024691355,1.7582461098253706,100.0
2014-11-08,0.0,0.0,100.0
2014-11-09,12.861234567901235,1.7229069785656228,100.0
2014-11-10,21.17753086419753,1.451438537162526,100.0
2014-11-11,0.0,0.0,100.0
2014-11-12,0.0,0.0,100.0
2014-11-13,0.0,0.0,100.0
2014-11-14,0.0,0.0,100.0
2014-11-15,0.0,0.0,100.0
2014-11-16,0.0,0.0,100.0
2014-11-17,0.0,0.0,100.0
2014-11-18,0.0,0.0,100.0
2014-11-19,0.0,0.0,100.0
2014-11-20,0.0,0.0,100.0
2014-11-21,8.390987654320986,1.1088458018794494,100.0
2014-11-22,27.528518518518517,1.0872926366796465,100.0
2014-11-23,24.044814814814817,2.0467383266499355,100.0
2014-11-24,30.156296296296293,3.4504794755383075,100.0
2014-11-25,30.738765432098763,5.670828066234254,100.0
2014-11-26,74.73246913580248,6.341492239777677,100.0
2014-11-27,0.0,0.0,100.0
2014-11-28,22.049629629629628,1.2414290600397233,100.0
2014-11-29,25.000493827160494,0.2940616484453895,100.0
2014-11-30,4.693456790123457,0.32618691150101026,100.0
2014-12-01,0.0,0.0,100.0
2014-12-02,0.0,0.0,100.0
2014-12-03,0.0,0.0,100.0
2014-12-04,5.884814814814815,2.241748821295057,100.0
2014-12-05,12.593827160493829,3.103926774225366,100.0
2014-12-06,15.629135802469136,3.4379740391438625,100.0
2014-12-07,20.150493827160496,3.0758209884657495,100.0
2014-12-08,0.0,0.0,100.0
2014-12-09,1.0296296296296297,4.636501225181669,100.0
2014-12-10,33.75654320987654,5.914616040051507,100.0
2014-12-11,28.60296296296297,5.240052586674214,100.0
2014-12-12,18.052592592592593,1.6067613215547742,100.0
2014-12-13,6.841728395061728,0.18962324569693975,100.0
2014-12-14,1.7401234567901234,1.7356889797909938,100.0
2014-12-15,0.0,0.0,100.0
2014-12-16,0.0,0.0,100.0
2014-12-17,5.131851851851852,1.207173466316162,100.0
2014-12-18,8.278148148148148,1.9832700970311072,100.0
2014-12-19,18.96851851851852,3.8259375031196963,100.0
2014-12-20,22.360246913580248,5.316152973558192,100.0
2014-12-21,67.50641975308643,5.673848629599219,100.0
2014-12-22,30.646913580246913,3.5221543982253634,100.0
2014-12-23,8.452716049382717,2.3345749143825296,100.0
2014-12-24,25.848641975308638,2.2573572784820857,100.0
2014-12-25,10.155432098765433,0.8956869561720715,100.0
2014-12-26,4.736296296296297,1.1412848509951892,100.0
2014-12-27,12.571851851851854,1.7134323090737424,100.0
2014-12-28,39.12666666666667,2.9120306488771712,100.0
2014-12-29,13.485555555555555,2.305230465701857,100.0
2014-12-30,7.3523456790123465,4.842247224069869,100.0
2014-12-31,0.0,0.0,100.0
2015-01-01,0.0,0.0,100.0
2015-01-02,0.0,0.0,100.0
2015-01-03,0.08580246913580247,0.772222222222222,100.0
2015-01-04,0.0,0.0,100.0
2015-01-05,56.632469135802474,3.514914839247246,100.0
2015-01-06,49.02493827160494,4.427810159507969,100.0
2015-01-07,0.0,0.0,100.0
2015-01-08,0.0,0.0,100.0
2015-01-09,0.0,0.0,100.0
2015-01-10,0.0,0.0,100.0
2015-01-11,0.6167901234567902,1.4228561304296492,100.0
2015-01-12,3.718148148148148,0.06381831851261655,100.0
2015-01-13,0.0,0.0,100.0
2015-01-14,0.0,0.0,100.0
2015-01-15,0.0,0.0,100.0
2015-01-16,17.826666666666668,2.1367077479150023,100.0
2015-01-17,11.486790123456789,3.6688229812708646,100.0
2015-01-18,62.9588888888889,5.7377120875833425,100.0
2015-01-19,32.04888888888889,4.226352742022369,100.0
2015-01-20,14.715555555555556,3.024793794624685,100.0
2015-01-21,0.0,0.0,100.0
2015-01-22,0.0,0.0,100.0
2015-01-23,9.983086419753086,2.485112493417204,100.0
2015-01-24,23.591728395061725,4.065574310636646,100.0
2015-01-25,15.494197530864197,4.492988110433171,100.0
2015-01-26,0.0,0.0,100.0
2015-01-27,0.0,0.0,100.0
2015-01-28,0.0,0.0,100.0
2015-01-29,0.0,0.0,100.0
2015-01-30,0.0,0.0,100.0
2015-01-31,0.0,0.0,100.0
2015-02-01,0.0,0.0,100.0
2015-02-02,10.92037037037037,1.0214492699645494,100.0
2015-02-03,14.84604938271605,0.8672595906248971,100.0
2015-02-04,6.910987654320987,2.5424710445442007,100.0
2015-02-05,16.352962962962962,4.541180035091222,100.0
2015-02-06,51.97851851851852,5.901468273046783,100.0
2015-02-07,39.54135802469136,5.8411948163638625,100.0
2015-02-08,39.57185185185185,4.835162642329395,100.0
2015-02-09,21.783209876543207,3.2241982829691533,100.0
2015-02-10,24.278765432098766,2.907737687067065,100.0
2015-02-11,10.917654320987657,2.486017031118722,100.0
2015-02-12,0.0,0.0,100.0
2015-02-13,0.0,0.0,100.0
2015-02-14,0.0,0.0,100.0
2015-02-15,0.0,0.0,100.0
2015-02-16,0.0,0.0,100.0
2015-02-17,0.0,0.0,100.0
2015-02-18,0.0,0.0,100.0
2015-02-19,0.0,0.0,100.0
2015-02-20,9.26753086419753,1.017734654593472,100.0
2015-02-21,8.605802469135803,0.773797234741652,100.0
2015-02-22,0.0,0.0,100.0
2015-02-23,0.0,0.0,100.0
2015-02-24,0.0,0.0,100.0
2015-02-25,0.0,0.0,100.0
2015-02-26,8.793580246913582,2.2205417743435807,100.0
2015-02-27,17.22925925925926,2.3449567041726898,100.0
2015-02-28,17.080246913580243,2.0869145737838926,100.0
2015-03-01,0.0,0.0,100.0
2015-03-02,0.0,0.0,100.0
2015-03-03,0.0,0.0,100.0
2015-03-04,0.0,0.0,100.0
2015-03-05,0.0,0.0,100.0
2015-03-06,0.0,0.0,100.0
2015-03-07,0.0,0.0,100.0
2015-03-08,0.0,0.0,100.0
2015-03-09,0.0,0.0,100.0
2015-03-10,0.0,0.0,100.0
2015-03-11,0.0,0.0,100.0
2015-03-12,12.04283950617284,3.98295783136349,100.0
2015-03-13,0.0,0.0,100.0
2015-03-14,21.894814814814815,4.130708810576918,100.0
2015-03-15,56.25555555555555,3.471814367157323,100.0
2015-03-16,45.94518518518518,1.964400742663721,100.0
2015-03-17,5.4054320987654325,3.466052888150553,100.0
2015-03-18,9.294567901234569,1.690247059887042,100.0
2015-03-19,0.0,0.0,100.0
2015-03-20,0.0,0.0,100.0
2015-03-21,8.664444444444445,1.2825570162764697,100.0
2015-03-22,13.070493827160492,0.674414377876406,100.0
2015-03-23,7.67,0.787484920490545,100.0
2015-03-24,13.698148148148148,1.5900771295059175,100.0
2015-03-25,21.526666666666667,3.026018423605514,100.0
2015-03-26,34.792592592592584,4.512321957090877,100.0
2015-03-27,0.0,0.0,100.0
2015-03-28,8.100493827160495,2.175846330301481,100.0
2015-03-29,8.349876543209877,0.4555010807538235,100.0
2015-03-30,0.0,0.0,100.0
2015-03-31,0.0,0.0,100.0
2015-04-01,26.262716049382714,5.9239309188126255,100.0
2015-04-02,17.9879012345679,4.515886323870814,100.0
2015-04-03,0.0,0.0,100.0
2015-04-04,9.650864197530863,1.141108230549215,100.0
2015-04-05,0.0,0.0,100.0
2015-04-06,3.8480246913580247,1.9014470935008199,100.0
2015-04-07,4.916543209876544,0.9892170647712097,100.0
2015-04-08,4.778518518518518,0.9420073130171431,100.0
2015-04-09,6.915555555555555,2.083959572544535,100.0
2015-04-10,0.0,0.0,100.0
2015-04-11,22.416666666666668,4.092567653686375,100.0
2015-04-12,22.74888888888889,3.775887643985186,100.0
2015-04-13,7.205555555555557,5.207549087622699,100.0
2015-04-14,14.685802469135801,4.140386716297624,100.0
2015-04-15,20.11283950617284,4.977905491913216,100.0
2015-04-16,0.0,0.0,100.0
2015-04-17,0.0,0.0,100.0
2015-04-18,0.0,0.0,100.0
2015-04-19,0.0,0.0,100.0
2015-04-20,0.0,0.0,100.0
2015-04-21,0.0,0.0,100.0
2015-04-22,0.42975,0.9782339744972874,98.76543209876543
2015-04-23,0.0,0.0,100.0
2015-04-24,9.564197530864199,1.9139186661124936,100.0
2015-04-25,14.452716049382717,1.9086159987970859,100.0
2015-04-26,6.458148148148148,1.5482862389680332,100.0
2015-04-27,4.66641975308642,1.094609871874422,100.0
2015-04-28,0.0,0.0,100.0
2015-04-29,0.0,0.0,100.0
2015-04-30,1.1811111111111112,0.1539399233467394,100.0
2015-05-01,0.0,0.0,100.0
2015-05-02,0.0,0.0,100.0
2015-05-03,0.0,0.0,100.0
2015-05-04,0.0,0.0,100.0
2015-05-05,0.0,0.0,100.0
2015-05-06,13.128271604938273,2.008476904350319,100.0
2015-05-07,0.0,0.0,100.0
2015-05-08,0.0,0.0,100.0
2015-05-09,0.0,0.0,100.0
2015-05-10,0.0,0.0,100.0
2015-05-11,0.0,0.0,100.0
2015-05-12,8.990246913580247,0.7952734990376612,100.0
2015-05-13,19.701604938271604,0.940186759093803,100.0
2015-05-14,8.595925925925927,0.6623212547128806,100.0
2015-05-15,0.0,0.0,100.0
2015-05-16,0.0,0.0,100.0
2015-05-17,0.0,0.0,100.0
2015-05-18,0.0,0.0,100.0
2015-05-19,0.0,0.0,100.0
2015-05-20,0.0,0.0,100.0
2015-05-21,2.4025000000000003,0.6189486799036172,98.76543209876543
2015-05-22,0.0,0.0,100.0
2015-05-23,6.60358024691358,0.3284596955563015,100.0
2015-05-24,3.4700000000000006,0.34161006410443456,97.53086419753086
2015-05-25,2.26625,0.6500912788878773,98.76543209876543
2015-05-26,0.0,0.0,100.0
2015-05-27,0.0,0.0,100.0
2015-05-28,0.0,0.0,100.0
2015-05-29,0.0,0.0,100.0
2015-05-30,0.0,0.0,100.0
2015-05-31,0.0,0.0,100.0
2015-06-01,0.0,0.0,100.0
2015-06-02,10.835308641975308,0.725441393945357,100.0
2015-06-03,10.061481481481481,1.310580130239192,100.0
2015-06-04,5.485555555555555,1.4018728544343813,100.0
2015-06-05,0.0,0.0,100.0
2015-06-06,0.0,0.0,100.0
2015-06-07,0.0,0.0,100.0
2015-06-08,0.0,0.0,100.0
2015-06-09,0.0,0.0,100.0
2015-06-10,0.0,0.0,100.0
2015-06-11,0.0,0.0,100.0
2015-06-12,0.0,0.0,100.0
2015-06-13,0.0,0.0,100.0
2015-06-14,0.0,0.0,100.0
2015-06-15,0.0,0.0,100.0
2015-06-16,0.0,0.0,100.0
2015-06-17,0.0,0.0,100.0
2015-06-18,0.0,0.0,100.0
2015-06-19,0.0,0.0,100.0
2015-06-20,0.0,0.0,100.0
2015-06-21,0.0,0.0,100.0
2015-06-22,0.0,0.0,100.0
2015-06-23,0.0,0.0,100.0
2015-06-24,0.0,0.0,100.0
2015-06-25,0.0,0.0,100.0
2015-06-26,0.0,0.0,100.0
2015-06-27,0.0,0.0,100.0
2015-06-28,0.0,0.0,100.0
2015-06-29,0.0,0.0,100.0
2015-06-30,0.0,0.0,100.0
2015-07-01,0.0,0.0,100.0
2015-07-02,0.0,0.0,100.0
2015-07-03,0.0,0.0,100.0
2015-07-04,0.0,0.0,100.0
2015-07-05,0.0,0.0,100.0
2015-07-06,0.0,0.0,100.0
2015-07-07,0.0,0.0,100.0
2015-07-08,0.0,0.0,100.0
2015-07-09,0.0,0.0,100.0
2015-07-10,0.0,0.0,100.0
2015-07-11,1.0381481481481483,0.983207901604629,100.0
2015-07-12,0.0,0.0,100.0
2015-07-13,0.0,0.0,100.0
2015-07-14,0.0,0.0,100.0
2015-07-15,0.0,0.0,100.0
2015-07-16,0.0,0.0,100.0
2015-07-17,0.0,0.0,100.0
2015-07-18,0.0,0.0,100.0
2015-07-19,0.0,0.0,100.0
2015-07-20,0.0,0.0,100.0
2015-07-21,0.0,0.0,100.0
2015-07-22,0.0,0.0,100.0
2015-07-23,0.0,0.0,100.0
2015-07-24,0.0,0.0,100.0
2015-07-25,6.995308641975309,1.6559582470730905,100.0
2015-07-26,6.871358024691358,0.5828630908850289,100.0
2015-07-27,3.261282051282051,0.2258051048757432,96.29629629629629
2015-07-28,0.0,0.0,100.0
2015-07-29,0.0,0.0,100.0
2015-07-30,0.0,0.0,100.0
2015-07-31,0.0,0.0,100.0
2015-08-01,0.0,0.0,100.0
2015-08-02,0.0,0.0,100.0
2015-08-03,0.0,0.0,100.0
2015-08-04,0.0,0.0,100.0
2015-08-05,0.0,0.0,100.0
2015-08-06,0.0,0.0,100.0
2015-08-07,0.0,0.0,100.0
2015-08-08,0.0,0.0,100.0
2015-08-09,0.0,0.0,100.0
2015-08-10,0.0,0.0,100.0
2015-08-11,0.0,0.0,100.0
2015-08-12,0.0,0.0,100.0
2015-08-13,0.0,0.0,100.0
2015-08-14,0.0,0.0,100.0
2015-08-15,26.007407407407406,2.4464146100864514,100.0
2015-08-16,0.0,0.0,100.0
2015-08-17,0.0,0.0,100.0
2015-08-18,0.0,0.0,100.0
2015-08-19,0.0,0.0,100.0
2015-08-20,0.0,0.0,100.0
2015-08-21,0.0,0.0,100.0
2015-08-22,0.0,0.0,100.0
2015-08-23,0.0,0.0,100.0
2015-08-24,0.0,0.0,100.0
2015-08-25,0.0,0.0,100.0
2015-08-26,0.0,0.0,100.0
2015-08-27,0.0,0.0,100.0
2015-08-28,3.0579012345679013,1.4720332163791199,100.0
2015-08-29,9.89753086419753,2.4416482808055084,100.0
2015-08-30,29.391234567901236,3.535612175676247,100.0
2015-08-31,18.22074074074074,1.6987493765839754,100.0
2015-09-01,4.0079012345679015,0.9409698667457193,100.0
2015-09-02,8.3320987654321,0.2031976626919138,100.0
2015-09-03,9.142345679012346,0.3315315656349267,100.0
2015-09-04,2.7509876543209875,1.5587604088973004,100.0
2015-09-05,8.395432098765433,0.9345587854473308,100.0
2015-09-06,6.018271604938271,1.3324768198016212,100.0
2015-09-07,9.71864197530864,1.860240409924494,100.0
2015-09-08,0.0,0.0,100.0
2015-09-09,0.0,0.0,100.0
2015-09-10,0.0,0.0,100.0
2015-09-11,0.0,0.0,100.0
2015-09-12,0.0,0.0,100.0
2015-09-13,0.0,0.0,100.0
2015-09-14,0.0,0.0,100.0
2015-09-15,3.4862962962962967,0.6890599474001599,100.0
2015-09-16,0.0,0.0,100.0
2015-09-17,6.738518518518519,1.1648735029082675,100.0
2015-09-18,11.625061728395064,1.3714992922498994,100.0
2015-09-19,0.0,0.0,100.0
2015-09-20,5.398641975308642,1.2395006586186428,100.0
2015-09-21,5.104074074074075,0.4607840540257925,100.0
2015-09-22,2.431851851851852,2.81274070574907,100.0
2015-09-23,0.0,0.0,100.0
2015-09-24,0.0,0.0,100.0
2015-09-25,0.0,0.0,100.0
2015-09-26,3.433827160493827,0.27076543308385287,100.0
2015-09-27,0.0,0.0,100.0
2015-09-28,0.0,0.0,100.0
2015-09-29,0.0,0.0,100.0
2015-09-30,0.0,0.0,100.0
2015-10-01,0.0,0.0,100.0
2015-10-02,0.0,0.0,100.0
2015-10-03,5.469135802469136,0.6303157889718142,100.0
2015-10-04,0.0,0.0,100.0
2015-10-05,0.0,0.0,100.0
2015-10-06,0.0,0.0,100.0
2015-10-07,0.0,0.0,100.0
2015-10-08,28.171234567901234,3.89935519756666,100.0
2015-10-09,0.0,0.0,100.0
2015-10-10,6.270246913580247,2.3064751111320505,100.0
2015-10-11,29.375802469135802,1.8926138434698787,100.0
2015-10-12,4.633456790123457,1.3423618741734913,100.0
2015-10-13,0.0,0.0,100.0
2015-10-14,0.0,0.0,100.0
2015-10-15,0.0,0.0,100.0
2015-10-16,0.0,0.0,100.0
2015-10-17,0.0,0.0,100.0
2015-10-18,0.0,0.0,100.0
2015-10-19,10.02716049382716,0.8165127594959879,100.0
2015-10-20,6.214074074074073,0.7468095101459571,100.0
2015-10-21,0.0,0.0,100.0
2015-10-22,0.0,0.0,100.0
2015-10-23,0.0,0.0,100.0
2015-10-24,0.0,0.0,100.0
2015-10-25,0.0,0.0,100.0
2015-10-26,22.39950617283951,2.915110590198324,100.0
2015-10-27,28.29037037037037,2.500796095468623,100.0
2015-10-28,0.0,0.0,100.0
2015-10-29,23.565185185185186,5.716840935147468,100.0
2015-10-30,28.55975308641975,6.161124486509878,100.0
2015-10-31,86.65087500000001,6.403583884549002,98.76543209876543
2015-11-01,92.64469135802469,5.397820413467772,100.0
2015-11-02,42.608888888888885,3.1728863042977133,100.0
2015-11-03,10.156913580246915,1.1717376433904783,100.0
2015-11-04,4.074074074074074,1.7747758856949924,100.0
2015-11-05,14.66530864197531,2.818317355453318,100.0
2015-11-06,18.081728395061727,2.8605453108295,100.0
2015-11-07,0.0,0.0,100.0
2015-11-08,15.334074074074074,1.9674906465964317,100.0
2015-11-09,7.527283950617284,1.222504613841681,100.0
2015-11-10,4.223875,1.1881178539228028,98.76543209876543
2015-11-11,10.121358024691359,3.050499038307675,100.0
2015-11-12,16.696419753086417,5.532762038223309,100.0
2015-11-13,44.952222222222225,6.340340290552235,100.0
2015-11-14,87.12209876543209,6.526823828641574,100.0
2015-11-15,37.681604938271605,5.7345244913571785,100.0
2015-11-16,18.65604938271605,5.845061094422441,100.0
2015-11-17,56.00617283950617,6.4568656420707,100.0
2015-11-18,71.48814814814816,2.5180791841754653,100.0
2015-11-19,6.764074074074074,0.6567700849189497,100.0
2015-11-20,5.0004938271604935,0.6545282675992075,100.0
2015-11-21,0.0,0.0,100.0
2015-11-22,0.0,0.0,100.0
2015-11-23,0.0,0.0,100.0
2015-11-24,12.094444444444445,2.2580577937687956,100.0
2015-11-25,8.459012345679012,2.2910366676126506,100.0
2015-11-26,0.0,0.0,100.0
2015-11-27,0.0,0.0,100.0
2015-11-28,0.0,0.0,100.0
2015-11-29,0.0,0.0,100.0
2015-11-30,0.0,0.0,100.0
2015-12-01,4.099876543209876,2.265272883024891,100.0
2015-12-02,17.11604938271605,3.2090815193028153,100.0
2015-12-03,21.910740740740742,3.961856502253008,100.0
2015-12-04,28.021851851851853,4.57837201172838,100.0
2015-12-05,15.47567901234568,3.7362380606271612,100.0
2015-12-06,34.34493827160494,3.989834308419583,100.0
2015-12-07,34.5432098765432,1.8133676041832318,100.0
2015-12-08,65.96197530864198,2.4919136320070803,100.0
2015-12-09,91.81641975308641,2.176560537087112,100.0
2015-12-10,45.62209876543209,2.496156403377692,100.0
2015-12-11,31.131604938271607,1.5650195340555044,100.0
2015-12-12,8.03135802469136,2.3660847158789666,100.0
2015-12-13,36.03802469135803,2.8277497324520633,100.0
2015-12-14,28.304691358024694,3.4975888431960356,100.0
2015-12-15,10.18641975308642,3.302883326974318,100.0
2015-12-16,23.114320987654324,3.899824976287912,100.0
2015-12-17,11.83320987654321,2.731321487467419,100.0
2015-12-18,56.34358024691357,3.3344528444116492,100.0
2015-12-19,16.756296296296295,1.9312576501107022,100.0
2015-12-20,10.32567901234568,2.7459756637084407,100.0
2015-12-21,29.084814814814813,3.9673502212153866,100.0
2015-12-22,47.14271604938271,6.058157106815917,100.0
2015-12-23,29.82814814814814,5.866918081734036,100.0
2015-12-24,58.21728395061728,6.285335514581874,100.0
2015-12-25,15.809876543209876,4.392791963497464,100.0
2015-12-26,0.0,0.0,100.0
2015-12-27,5.18604938271605,0.6147411630360083,100.0
2015-12-28,11.529135802469137,0.7231531606977601,100.0
2015-12-29,4.036499999999999,0.8012507627516661,98.76543209876543
2015-12-30,0.0,0.0,100.0
2015-12-31,0.0,0.0,100.0
2016-01-01,0.0,0.0,100.0
2016-01-02,0.0,0.0,100.0
2016-01-03,0.0,0.0,100.0
2016-01-04,18.079259259259256,1.2029845985898757,100.0
2016-01-05,12.740617283950618,1.450285614697164,100.0
2016-01-06,0.0,0.0,100.0
2016-01-07,0.0,0.0,100.0
2016-01-08,0.0,0.0,100.0
2016-01-09,0.0,0.0,100.0
2016-01-10,0.0,0.0,100.0
2016-01-11,0.0,0.0,100.0
2016-01-12,11.90395061728395,3.5421877699425908,100.0
2016-01-13,35.77234567901234,3.850312737819143,100.0
2016-01-14,17.98753086419753,2.509057358284281,100.0
2016-01-15,4.99283950617284,3.7013211271679403,100.0
2016-01-16,15.168765432098766,3.1533459938278456,100.0
2016-01-17,29.242469135802466,3.7370872785045433,100.0
2016-01-18,18.274938271604935,3.357174453114103,100.0
2016-01-19,7.107530864197531,3.0598964569345304,100.0
2016-01-20,25.28061728395062,5.014316091372534,100.0
2016-01-21,39.73172839506173,5.366794851241161,100.0
2016-01-22,33.092716049382716,3.568620536126557,100.0
2016-01-23,12.75604938271605,2.0644058945689103,100.0
2016-01-24,15.591728395061727,1.706544601031172,100.0
2016-01-25,10.159135802469136,1.92006913777269,100.0
2016-01-26,0.0,0.0,100.0
2016-01-27,10.699382716049383,2.4745814523263387,100.0
2016-01-28,20.73320987654321,3.2003553815008163,100.0
2016-01-29,27.01617283950618,2.1960940143247707,100.0
2016-01-30,24.82567901234568,2.642668603075121,100.0
2016-01-31,15.767407407407408,2.1423257092338797,100.0
2016-02-01,7.659259259259261,1.3573280533623566,100.0
2016-02-02,5.436172839506173,1.3844137458697405,100.0
2016-02-03,3.9533333333333336,1.91189565614863,100.0
2016-02-04,21.410740740740742,3.6496632645278995,100.0
2016-02-05,26.578518518518514,3.4440434488806577,100.0
2016-02-06,18.32938271604938,4.138784346181561,100.0
2016-02-07,14.75604938271605,5.543596007785097,100.0
2016-02-08,0.0,0.0,100.0
2016-02-09,0.0,0.0,100.0
2016-02-10,0.0,0.0,100.0
2016-02-11,6.326499999999999,1.9986052731779438,98.76543209876543
2016-02-12,25.496913580246915,4.889207410709661,100.0
2016-02-13,21.27283950617284,5.542449872251417,100.0
2016-02-14,42.6741975308642,5.712097439688318,100.0
2016-02-15,91.61296296296295,6.818824943574303,100.0
2016-02-16,27.94839506172839,5.1587351785079365,100.0
2016-02-17,13.48135802469136,3.1405237433772166,100.0
2016-02-18,23.40925925925926,1.4561359635845976,100.0
2016-02-19,16.786296296296296,1.7548742436742042,100.0
2016-02-20,19.68938271604938,2.4433042921825217,100.0
2016-02-21,11.412345679012345,4.472658960731564,100.0
2016-02-22,6.173333333333334,1.5233893133404868,100.0
2016-02-23,4.65246913580247,1.0482801758883422,100.0
2016-02-24,0.0,0.0,100.0
2016-02-25,0.0,0.0,100.0
2016-02-26,0.0,0.0,100.0
2016-02-27,6.337037037037036,1.1426498199847193,100.0
2016-02-28,9.674444444444445,1.6360126833249184,100.0
2016-02-29,22.928148148148146,2.2430805330566663,100.0
2016-03-01,14.701604938271604,2.214837723621148,100.0
2016-03-02,38.26160493827161,2.3045235173404737,100.0
2016-03-03,18.644444444444446,2.0476224017137534,100.0
2016-03-04,9.641234567901236,2.383288894949608,100.0
2016-03-05,0.0,0.0,100.0
2016-03-06,29.07530864197531,3.9795979967892965,100.0
2016-03-07,13.856666666666667,2.7339833576669776,100.0
2016-03-08,14.661358024691356,3.070594711569088,100.0
2016-03-09,11.432345679012345,3.164333370397681,100.0
2016-03-10,45.60543209876543,4.362714192272603,100.0
2016-03-11,18.80012345679012,3.712258575930279,100.0
2016-03-12,8.276172839506174,3.5476039688433496,100.0
2016-03-13,20.840987654320987,4.647650106488835,100.0
2016-03-14,33.33296296296297,4.794499046940265,100.0
2016-03-15,43.200246913580244,4.98666922286526,100.0
2016-03-16,10.439753086419753,2.6845600083200982,100.0
2016-03-17,0.0,0.0,100.0
2016-03-18,0.0,0.0,100.0
2016-03-19,0.0,0.0,100.0
2016-03-20,0.0,0.0,100.0
2016-03-21,12.394197530864199,2.2392464492533706,100.0
2016-03-22,15.018395061728393,1.9930243706425945,100.0
2016-03-23,9.074814814814815,2.036401919508469,100.0
2016-03-24,24.554814814814815,2.353695557581264,100.0
2016-03-25,22.18135802469136,1.2054146102964114,100.0
2016-03-26,8.105061728395063,0.9030837772000864,100.0
2016-03-27,6.476172839506172,0.5619932559676195,100.0
2016-03-28,15.269012345679013,0.8173074772358804,100.0
2016-03-29,0.0,0.0,100.0
2016-03-30,0.0,0.0,100.0
2016-03-31,0.0,0.0,100.0
2016-04-01,0.0,0.0,100.0
2016-04-02,0.0,0.0,100.0
2016-04-03,0.0,0.0,100.0
2016-04-04,0.0,0.0,100.0
2016-04-05,18.833333333333332,1.6617355385259112,100.0
2016-04-06,6.530864197530866,1.2189474942864276,100.0
2016-04-07,0.0,0.0,100.0
2016-04-08,0.0,0.0,100.0
2016-04-09,0.0,0.0,100.0
2016-04-10,0.0,0.0,100.0
2016-04-11,0.0,0.0,100.0
2016-04-12,0.0,0.0,100.0
2016-04-13,7.395308641975307,0.7199741079020708,100.0
2016-04-14,4.7928395061728395,0.89899837954234,100.0
2016-04-15,8.386666666666667,1.551566144255539,100.0
2016-04-16,0.0,0.0,100.0
2016-04-17,0.0,0.0,100.0
2016-04-18,0.0,0.0,100.0
2016-04-19,0.0,0.0,100.0
2016-04-20,0.0,0.0,100.0
2016-04-21,0.0,0.0,100.0
2016-04-22,0.0,0.0,100.0
2016-04-23,5.23037037037037,0.6901565844872531,100.0
2016-04-24,9.596666666666668,0.5014803086861935,100.0
2016-04-25,9.735308641975308,0.41205305004256765,100.0
2016-04-26,3.9308641975308647,0.21168489277026947,100.0
2016-04-27,0.0,0.0,100.0
2016-04-28,3.105125,0.7709963859935985,98.76543209876543
2016-04-29,0.0,0.0,100.0
2016-04-30,8.38962962962963,1.3625907716960037,100.0
2016-05-01,0.0,0.0,100.0
2016-05-02,0.0,0.0,100.0
2016-05-03,0.0,0.0,100.0
2016-05-04,0.0,0.0,100.0
2016-05-05,2.654938271604938,0.06778870585853745,100.0
2016-05-06,0.0,0.0,100.0
2016-05-07,0.0,0.0,100.0
2016-05-08,0.0,0.0,100.0
2016-05-09,0.0,0.0,100.0
2016-05-10,2.1409876543209876,0.8375986582759544,100.0
2016-05-11,0.0,0.0,100.0
2016-05-12,0.0,0.0,100.0
2016-05-13,0.0,0.0,100.0
2016-05-14,0.0,0.0,100.0
2016-05-15,13.833086419753087,0.16132763228372135,100.0
2016-05-16,13.31604938271605,0.40502369996194576,100.0
2016-05-17,1.9958227848101264,1.8113549310228692,97.53086419753086
2016-05-18,0.0,0.0,100.0
2016-05-19,0.0,0.0,100.0
2016-05-20,6.4903703703703695,0.2235757390932905,100.0
2016-05-21,3.5082500000000003,0.6984916389050431,98.76543209876543
2016-05-22,10.461481481481481,1.2054595711917417,100.0
2016-05-23,7.959259259259259,0.8239307886251396,100.0
2016-05-24,2.2712499999999998,0.3311215119804247,98.76543209876543
2016-05-25,0.0,0.0,100.0
2016-05-26,0.0,0.0,100.0
2016-05-27,2.687,0.38675671874405865,98.76543209876543
2016-05-28,4.949259259259258,0.6055220429054953,100.0
2016-05-29,2.862875,0.4416229956118279,98.76543209876543
2016-05-30,0.0,0.0,100.0
2016-05-31,0.0,0.0,100.0
2016-06-01,0.0,0.0,100.0
2016-06-02,5.571358024691357,3.765841789389996,100.0
2016-06-03,1.298395061728395,2.498000428738015,100.0
2016-06-04,0.0,0.0,100.0
2016-06-05,0.0,0.0,100.0
2016-06-06,0.0,0.0,100.0
2016-06-07,0.0,0.0,100.0
2016-06-08,0.0,0.0,100.0
2016-06-09,0.0,0.0,100.0
2016-06-10,16.308271604938273,2.690714956161028,100.0
2016-06-11,16.460617283950615,2.422309510404798,100.0
2016-06-12,8.314814814814815,2.357009286739825,100.0
2016-06-13,0.0,0.0,100.0
2016-06-14,12.030864197530864,1.4177378085623449,100.0
2016-06-15,14.130123456790123,1.0022281349911812,100.0
2016-06-16,2.987407407407407,0.5001969056726004,100.0
2016-06-17,2.982051282051282,0.25226948574866015,96.29629629629629
2016-06-18,10.385802469135804,0.6955498979180624,100.0
2016-06-19,9.215061728395062,0.4239077831816435,100.0
2016-06-20,1.394567901234568,0.22042600449309543,100.0
2016-06-21,0.0,0.0,100.0
2016-06-22,0.0,0.0,100.0
2016-06-23,0.0,0.0,100.0
2016-06-24,19.812716049382715,1.7892484542019864,100.0
2016-06-25,12.960246913580246,1.316210446042579,100.0
2016-06-26,0.0,0.0,100.0
2016-06-27,0.0,0.0,100.0
2016-06-28,0.0,0.0,100.0
2016-06-29,0.0,0.0,100.0
2016-06-30,0.0,0.0,100.0
2016-07-01,0.0,0.0,100.0
2016-07-02,0.0,0.0,100.0
2016-07-03,0.0,0.0,100.0
2016-07-04,0.0,0.0,100.0
2016-07-05,0.0,0.0,100.0
2016-07-06,0.0,0.0,100.0
2016-07-07,0.0,0.0,100.0
2016-07-08,15.636913580246915,1.9068715491449,100.0
2016-07-09,13.04111111111111,1.5710649254566151,100.0
2016-07-10,3.504,0.674875703511301,98.76543209876543
2016-07-11,1.1520253164556962,1.3194825906555827,97.53086419753086
2016-07-12,0.0,0.0,100.0
2016-07-13,2.46641975308642,0.3178061855989248,100.0
2016-07-14,0.0,0.0,100.0
2016-07-15,0.0,0.0,100.0
2016-07-16,0.0,0.0,100.0
2016-07-17,0.0,0.0,100.0
2016-07-18,5.188148148148148,0.8512874237164425,100.0
2016-07-19,10.175185185185185,0.6998966193501565,100.0
2016-07-20,0.0,0.0,100.0
2016-07-21,0.0,0.0,100.0
2016-07-22,0.0,0.0,100.0
2016-07-23,4.964567901234568,0.9060740165443384,100.0
2016-07-24,0.0,0.0,100.0
2016-07-25,0.0,0.0,100.0
2016-07-26,0.0,0.0,100.0
2016-07-27,0.0,0.0,100.0
2016-07-28,0.0,0.0,100.0
2016-07-29,0.0,0.0,100.0
2016-07-30,0.0,0.0,100.0
2016-07-31,0.0,0.0,100.0
2016-08-01,0.0,0.0,100.0
2016-08-02,0.0,0.0,100.0
2016-08-03,5.077037037037036,1.1214114370342005,100.0
2016-08-04,0.0,0.0,100.0
2016-08-05,0.0,0.0,100.0
2016-08-06,0.0,0.0,100.0
2016-08-07,0.0,0.0,100.0
2016-08-08,8.311358024691359,1.3229689651371455,100.0
2016-08-09,8.891851851851852,1.2855807161659583,100.0
2016-08-10,0.0,0.0,100.0
2016-08-11,0.0,0.0,100.0
2016-08-12,0.0,0.0,100.0
2016-08-13,0.0,0.0,100.0
2016-08-14,0.0,0.0,100.0
2016-08-15,0.0,0.0,100.0
2016-08-16,0.0,0.0,100.0
2016-08-17,0.0,0.0,100.0
2016-08-18,0.0,0.0,100.0
2016-08-19,0.0,0.0,100.0
2016-08-20,0.0,0.0,100.0
2016-08-21,0.0,0.0,100.0
2016-08-22,0.0,0.0,100.0
2016-08-23,0.0,0.0,100.0
2016-08-24,0.0,0.0,100.0
2016-08-25,0.0,0.0,100.0
2016-08-26,0.0,0.0,100.0
2016-08-27,0.0,0.0,100.0
2016-08-28,0.0,0.0,100.0
2016-08-29,0.0,0.0,100.0
2016-08-30,0.0,0.0,100.0
2016-08-31,0.0,0.0,100.0
2016-09-01,6.121604938271605,1.240180890828152,100.0
2016-09-02,11.830246913580247,1.1221586065577382,100.0
2016-09-03,15.651481481481484,0.7148463315830739,100.0
2016-09-04,0.0,0.0,100.0
2016-09-05,0.0,0.0,100.0
2016-09-06,9.5779012345679,0.9305370976610534,100.0
2016-09-07,9.743456790123457,1.3231356322140857,100.0
2016-09-08,0.0,0.0,100.0
2016-09-09,0.0,0.0,100.0
2016-09-10,0.0,0.0,100.0
2016-09-11,0.0,0.0,100.0
2016-09-12,0.0,0.0,100.0
2016-09-13,0.0,0.0,100.0
2016-09-14,0.0,0.0,100.0
2016-09-15,0.0,0.0,100.0
2016-09-16,0.0,0.0,100.0
2016-09-17,2.8527160493827157,7.767116423156294,100.0
2016-09-18,61.01358024691358,6.273467005699874,100.0
2016-09-19,6.625802469135803,5.186613987997741,100.0
2016-09-20,15.369753086419754,4.0611168338612975,100.0
2016-09-21,0.0,0.0,100.0
2016-09-22,0.0,0.0,100.0
2016-09-23,0.0,0.0,100.0
2016-09-24,16.760864197530864,4.677132721425292,100.0
2016-09-25,0.0,0.0,100.0
2016-09-26,0.0,0.0,100.0
2016-09-27,0.0,0.0,100.0
2016-09-28,0.0,0.0,100.0
2016-09-29,0.0,0.0,100.0
2016-09-30,0.0,0.0,100.0
2016-10-01,0.0,0.0,100.0
2016-10-02,5.862716049382716,1.3359912166119197,100.0
2016-10-03,0.9255555555555556,2.1193613424803237,100.0
2016-10-04,7.805185185185184,1.3917723512765217,100.0
2016-10-05,15.449753086419754,2.1430731294735614,100.0
2016-10-06,9.761481481481482,2.822035219088837,100.0
2016-10-07,26.991111111111113,5.9329000075848235,100.0
2016-10-08,28.37543209876543,5.558363754150748,100.0
2016-10-09,44.68037037037037,6.228490275428799,100.0
2016-10-10,38.815555555555555,5.411403006614828,100.0
2016-10-11,0.0,0.0,100.0
2016-10-12,0.0,0.0,100.0
2016-10-13,14.328271604938273,11.86705405630684,100.0
2016-10-14,75.36037037037038,5.620270554974297,100.0
2016-10-15,49.19827160493827,4.940853871074173,100.0
2016-10-16,40.42,4.8441129218877625,100.0
2016-10-17,25.31888888888889,4.341829971336971,100.0
2016-10-18,38.56049382716049,4.767792178051223,100.0
2016-10-19,14.658024691358024,4.46842657424095,100.0
2016-10-20,28.763950617283953,5.267295719582381,100.0
2016-10-21,41.867654320987654,4.054178175538459,100.0
2016-10-22,8.553086419753088,3.8369860053091505,100.0
2016-10-23,0.0,0.0,100.0
2016-10-24,0.0,0.0,100.0
2016-10-25,7.255432098765431,1.5379971142550268,100.0
2016-10-26,9.258271604938273,1.8098154533843063,100.0
2016-10-27,47.51925925925926,2.9544804017702404,100.0
2016-10-28,8.251851851851852,1.5976201919660935,100.0
2016-10-29,4.340123456790124,0.9270888493385633,100.0
2016-10-30,4.367037037037037,0.5159056222906581,100.0
2016-10-31,12.342839506172838,0.47682343316971443,100.0
2016-11-01,31.162222222222226,0.895060053851137,100.0
2016-11-02,8.43753086419753,1.2845870259194172,100.0
2016-11-03,6.546666666666666,1.4822550387838118,100.0
2016-11-04,0.0,0.0,100.0
2016-11-05,0.0,0.0,100.0
2016-11-06,25.918888888888894,2.798306630803708,100.0
2016-11-07,9.121975308641975,2.2900138753690373,100.0
2016-11-08,0.0,0.0,100.0
2016-11-09,0.0,0.0,100.0
2016-11-10,0.0,0.0,100.0
2016-11-11,0.0,0.0,100.0
2016-11-12,0.0,0.0,100.0
2016-11-13,17.930123456790124,2.8752793315724823,100.0
2016-11-14,22.196419753086417,3.190971759762994,100.0
2016-11-15,32.08691358024691,3.1558725584120584,100.0
2016-11-16,27.210864197530864,2.713815209963117,100.0
2016-11-17,13.786419753086417,2.5516212045687614,100.0
2016-11-18,4.945432098765431,1.6750888404669138,100.0
2016-11-19,0.0,0.0,100.0
2016-11-20,4.756666666666666,0.6914260625692381,100.0
2016-11-21,5.717654320987655,0.6152525327151005,100.0
2016-11-22,6.771481481481482,1.0140526503972946,100.0
2016-11-23,6.498765432098765,1.524104148931471,100.0
2016-11-24,16.410617283950618,2.217600248962272,100.0
2016-11-25,32.63925925925926,2.8340632393163783,100.0
2016-11-26,13.311358024691359,2.2507352982339013,100.0
2016-11-27,6.754691358024691,2.5596421070238287,100.0
2016-11-28,24.658765432098765,2.6536858248086044,100.0
2016-11-29,20.424197530864195,3.2936199174303384,100.0
2016-11-30,10.923703703703703,3.6920026558916654,100.0
2016-12-01,24.986913580246913,3.711149970688098,100.0
2016-12-02,15.81925925925926,3.684319400438084,100.0
2016-12-03,16.470370370370368,3.3827468292958476,100.0
2016-12-04,23.681604938271605,3.1281969474403795,100.0
2016-12-05,24.829753086419753,2.176636152017972,100.0
2016-12-06,14.433209876543211,1.3701595045472752,100.0
2016-12-07,0.0,0.0,100.0
2016-12-08,0.0,0.0,100.0
2016-12-09,27.968641975308643,5.423150549516032,100.0
2016-12-10,28.845308641975308,4.4177865177087705,100.0
2016-12-11,22.166419753086423,2.8358082219369027,100.0
2016-12-12,23.102962962962962,1.767372657678938,100.0
2016-12-13,10.739876543209878,1.3516910647658738,100.0
2016-12-14,0.0,0.0,100.0
2016-12-15,0.0,0.0,100.0
2016-12-16,0.0,0.0,100.0
2016-12-17,0.0,0.0,100.0
2016-12-18,4.773249999999999,2.116292300526046,98.76543209876543
2016-12-19,21.398765432098767,5.453062759293178,100.0
2016-12-20,45.06703703703703,5.292395829027824,100.0
2016-12-21,22.222716049382715,3.965298542463631,100.0
2016-12-22,0.0,0.0,100.0
2016-12-23,7.387283950617284,1.387620276179401,100.0
2016-12-24,6.019259259259258,0.47588280536750266,100.0
2016-12-25,0.0,0.0,100.0
2016-12-26,0.0,0.0,100.0
2016-12-27,26.595308641975308,3.232404711054818,100.0
2016-12-28,32.96481481481481,3.237851568212752,100.0
2016-12-29,7.128641975308642,2.8399219853221407,100.0
2016-12-30,13.754444444444443,2.855256118109197,100.0
2016-12-31,0.0,0.0,100.0
2017-01-02,10.877777777777776,0.752959162239228,100.0
2017-01-03,0.0,0.0,100.0
2017-01-04,0.0,0.0,100.0
2017-01-05,0.04049382716049382,0.17886378360758157,100.0
2017-01-06,2.7766249999999997,0.6813518649890457,98.76543209876543
2017-01-07,0.0,0.0,100.0
2017-01-08,10.386666666666667,4.588722316723905,100.0
2017-01-09,26.31876543209876,4.721914172958899,100.0
2017-01-10,17.48185185185185,4.157127346831918,100.0
2017-01-11,17.238641975308642,4.151207280143458,100.0
2017-01-12,0.0,0.0,100.0
2017-01-13,0.0,0.0,100.0
2017-01-14,0.0,0.0,100.0
2017-01-15,0.0,0.0,100.0
2017-01-16,0.0,0.0,100.0
2017-01-17,0.0,0.0,100.0
2017-01-18,50.168765432098766,4.801202032490418,100.0
2017-01-19,27.13049382716049,2.224101448470015,100.0
2017-01-20,4.588148148148147,1.095246674397041,100.0
2017-01-21,1.8122222222222222,1.2034201261404929,100.0
2017-01-22,12.216913580246914,2.4406073229707133,100.0
2017-01-23,9.003703703703703,2.2542906004131567,100.0
2017-01-24,0.0,0.0,100.0
2017-01-25,0.0,0.0,100.0
2017-01-26,11.579012345679013,1.9951726773253684,100.0
2017-01-27,0.0,0.0,100.0
2017-01-28,0.0,0.0,100.0
2017-01-29,0.0,0.0,100.0
2017-01-30,3.3112500000000002,0.6165468865310564,98.76543209876543
2017-01-31,0.0,0.0,100.0
2017-02-01,4.080617283950617,0.8803597924698349,100.0
2017-02-02,0.0,0.0,100.0
2017-02-03,5.841481481481482,8.39129788994395,100.0
2017-02-04,27.643456790123455,5.726658091874752,100.0
2017-02-05,40.637901234567906,5.836961477526081,100.0
2017-02-06,48.297037037037036,4.99766956801979,100.0
2017-02-07,24.15074074074074,5.137717337927851,100.0
2017-02-08,12.576543209876544,4.547816278307048,100.0
2017-02-09,53.3893827160494,6.32819214817293,100.0
2017-02-10,41.22024691358025,5.425155522035438,100.0
2017-02-11,19.101481481481482,3.2609412410802157,100.0
2017-02-12,0.0,0.0,100.0
2017-02-13,0.0,0.0,100.0
2017-02-14,0.0,0.0,100.0
2017-02-15,14.575061728395061,5.314325950545561,100.0
2017-02-16,52.959629629629625,5.053851858841047,100.0
2017-02-17,27.86641975308642,3.58598079632406,100.0
2017-02-18,7.982098765432098,2.8574751600186232,100.0
2017-02-19,9.557037037037038,2.742164949654034,100.0
2017-02-20,16.807160493827162,3.219022069887026,100.0
2017-02-21,17.949012345679012,2.5120497631109298,100.0
2017-02-22,9.833703703703703,1.9812744916116776,100.0
2017-02-23,0.05555555555555555,0.49999999999999983,100.0
2017-02-24,4.656296296296296,0.5288630362495672,100.0
2017-02-25,2.391794871794872,0.7589393548821569,96.29629629629629
2017-02-26,7.59320987654321,1.6846815924385339,100.0
2017-02-27,14.431234567901232,2.3858077158040465,100.0
2017-02-28,19.310123456790127,2.4380004582788537,100.0
2017-03-01,7.85679012345679,1.6522975119212746,100.0
2017-03-02,9.65148148148148,1.4155265019694183,100.0
2017-03-03,9.039753086419754,1.5535427056478381,100.0
2017-03-04,22.433827160493827,2.032161145124344,100.0
2017-03-05,9.699506172839506,2.2508758857579023,100.0
2017-03-06,11.746543209876542,2.634728714922007,100.0
2017-03-07,17.309629629629626,2.50022321225748,100.0
2017-03-08,29.377777777777776,2.503367232349261,100.0
2017-03-09,25.263209876543208,2.119818286528644,100.0
2017-03-10,31.631481481481483,1.3943305841075768,100.0
2017-03-11,6.48246913580247,0.8673112631348067,100.0
2017-03-12,13.869876543209877,1.3948490006333665,100.0
2017-03-13,15.742716049382715,3.0886692168091097,100.0
2017-03-14,41.056666666666665,4.837509689912776,100.0
2017-03-15,49.46024691358025,3.011958239795433,100.0
2017-03-16,26.95209876543209,2.1081370425386146,100.0
2017-03-17,4.481234567901235,1.4238928881029371,100.0
2017-03-18,36.13481481481482,3.64235573191002,100.0
2017-03-19,27.217160493827155,3.429842647472294,100.0
2017-03-20,0.0,0.0,100.0
2017-03-21,5.525185185185185,0.5895191072202646,100.0
2017-03-22,10.985185185185186,1.4950862108178837,100.0
2017-03-23,9.315061728395062,1.9652697801172172,100.0
2017-03-24,17.967777777777776,2.8325686222932003,100.0
2017-03-25,17.77913580246914,2.0805559338376756,100.0
2017-03-26,9.725432098765431,2.075013885123854,100.0
2017-03-27,15.404444444444444,1.6710602921498674,100.0
2017-03-28,11.080370370370371,1.8923057657553948,100.0
2017-03-29,19.045555555555556,2.3776611407010884,100.0
2017-03-30,29.93259259259259,3.169477392953678,100.0
2017-03-31,13.768395061728395,3.768281921774871,100.0
2017-04-01,0.0,0.0,100.0
2017-04-02,7.921851851851852,1.2468681878120789,100.0
2017-04-03,0.0,0.0,100.0
2017-04-04,0.0,0.0,100.0
2017-04-05,5.087901234567901,0.4305743723486765,100.0
2017-04-06,4.220740740740741,0.673232459440604,100.0
2017-04-07,11.903086419753086,0.9459025345870851,100.0
2017-04-08,20.015185185185185,1.6657311541115445,100.0
2017-04-09,10.11037037037037,1.7862421759411884,100.0
2017-04-10,4.537901234567901,1.4227866284596076,100.0
2017-04-11,8.667407407407406,1.1483932011486502,100.0
2017-04-12,7.496666666666667,1.2564135465681672,100.0
2017-04-13,22.24962962962963,1.5517090935839462,100.0
2017-04-14,10.38432098765432,1.4567119981928525,100.0
2017-04-15,11.097777777777779,1.7012414584649644,100.0
2017-04-16,0.0,0.0,100.0
2017-04-17,0.0,0.0,100.0
2017-04-18,9.477283950617284,1.3240005781207944,100.0
2017-04-19,9.534197530864198,1.1136088453733777,100.0
2017-04-20,10.07246913580247,1.0033687393777495,100.0
2017-04-21,9.204938271604938,0.8364226256157681,100.0
2017-04-22,0.0,0.0,100.0
2017-04-23,10.464320987654322,0.7503148310402856,100.0
2017-04-24,12.993086419753087,0.6930379534616208,100.0
2017-04-25,11.825308641975308,0.6627123931611532,100.0
2017-04-26,9.179135802469135,0.8887395534278648,100.0
2017-04-27,15.62716049382716,1.0872042523922327,100.0
2017-04-28,11.041358024691359,1.1317638369889937,100.0
2017-04-29,2.9345679012345682,0.7279063287654464,100.0
2017-04-30,7.984567901234568,0.7662001197185955,100.0
2017-05-01,6.1093827160493825,0.8134545864383154,100.0
2017-05-02,8.11320987654321,1.069939048685127,100.0
2017-05-03,5.902716049382716,0.5481149796020881,100.0
2017-05-04,0.9462962962962964,1.2940377162629808,100.0
2017-05-05,8.169876543209876,0.6070615574782358,100.0
2017-05-06,15.101851851851851,0.9234975786529046,100.0
2017-05-07,3.8223456790123453,0.7008160807318463,100.0
2017-05-08,0.0,0.0,100.0
2017-05-09,0.0,0.0,100.0
2017-05-10,0.0,0.0,100.0
2017-05-11,0.0,0.0,100.0
2017-05-12,7.831728395061728,1.2147754834983469,100.0
2017-05-13,6.935555555555555,1.2302418461424567,100.0
2017-05-14,11.492098765432099,1.4936379380972675,100.0
2017-05-15,9.487654320987655,2.027173692363914,100.0
2017-05-16,16.664938271604935,2.592396151949384,100.0
2017-05-17,32.526172839506174,2.609989256635568,100.0
2017-05-18,6.856172839506173,1.8371843728251902,100.0
2017-05-19,0.0,0.0,100.0
2017-05-20,0.0,0.0,100.0
2017-05-21,0.0,0.0,100.0
2017-05-22,0.0,0.0,100.0
2017-05-23,0.0,0.0,100.0
2017-05-24,0.0,0.0,100.0
2017-05-25,0.0,0.0,100.0
2017-05-26,0.0,0.0,100.0
2017-05-27,0.0,0.0,100.0
2017-05-28,0.0,0.0,100.0
2017-05-29,0.0,0.0,100.0
2017-05-30,0.0,0.0,100.0
2017-05-31,0.0,0.0,100.0
2017-06-01,3.4812345679012346,2.617853788275832,100.0
2017-06-02,8.116543209876541,1.096216402556798,100.0
2017-06-03,0.0,0.0,100.0
2017-06-04,0.0,0.0,100.0
2017-06-05,0.0,0.0,100.0
2017-06-06,0.0,0.0,100.0
2017-06-07,0.0,0.0,100.0
2017-06-08,0.4488888888888889,1.5976107160381716,100.0
2017-06-09,18.835185185185185,0.7973536089952674,100.0
2017-06-10,7.540987654320988,0.5236616391771303,100.0
2017-06-11,4.6964197530864205,0.9335634802223887,100.0
2017-06-12,0.0,0.0,100.0
2017-06-13,10.36716049382716,3.0094846878526815,100.0
2017-06-14,0.18469135802469136,1.6622222222222218,100.0
2017-06-15,0.0,0.0,100.0
2017-06-16,43.47876543209876,6.131395922364671,100.0
2017-06-17,20.039259259259257,4.40168995323892,100.0
2017-06-18,3.1864197530864193,6.3963222457600555,100.0
2017-06-19,8.306296296296297,2.871204209231923,100.0
2017-06-20,0.0,0.0,100.0
2017-06-21,0.0,0.0,100.0
2017-06-22,0.0,0.0,100.0
2017-06-23,0.0,0.0,100.0
2017-06-24,0.0,0.0,100.0
2017-06-25,0.0,0.0,100.0
2017-06-26,0.0,0.0,100.0
2017-06-27,0.0,0.0,100.0
2017-06-28,0.0,0.0,100.0
2017-06-29,0.0,0.0,100.0
2017-06-30,0.0,0.0,100.0
2017-07-01,0.0,0.0,100.0
2017-07-02,0.0,0.0,100.0
2017-07-03,0.0,0.0,100.0
2017-07-04,0.0,0.0,100.0
2017-07-05,0.0,0.0,100.0
2017-07-06,0.0,0.0,100.0
2017-07-07,0.0,0.0,100.0
2017-07-08,0.0,0.0,100.0
2017-07-09,0.0,0.0,100.0
2017-07-10,0.0,0.0,100.0
2017-07-11,0.0,0.0,100.0
2017-07-12,0.0,0.0,100.0
2017-07-13,0.0,0.0,100.0
2017-07-14,0.0,0.0,100.0
2017-07-15,0.0,0.0,100.0
2017-07-16,0.0,0.0,100.0
2017-07-17,0.0,0.0,100.0
2017-07-18,0.0,0.0,100.0
2017-07-19,0.0,0.0,100.0
2017-07-20,0.0,0.0,100.0
2017-07-21,0.0,0.0,100.0
2017-07-22,0.0,0.0,100.0
2017-07-23,0.0,0.0,100.0
2017-07-24,0.0,0.0,100.0
2017-07-25,0.0,0.0,100.0
2017-07-26,0.0,0.0,100.0
2017-07-27,0.0,0.0,100.0
2017-07-28,0.0,0.0,100.0
2017-07-29,0.0,0.0,100.0
2017-07-30,0.0,0.0,100.0
2017-07-31,0.0,0.0,100.0
2017-08-01,0.0,0.0,100.0
2017-08-02,0.0,0.0,100.0
2017-08-03,0.0,0.0,100.0
2017-08-04,0.0,0.0,100.0
2017-08-05,0.0,0.0,100.0
2017-08-06,0.0,0.0,100.0
2017-08-07,0.0,0.0,100.0
2017-08-08,0.0,0.0,100.0
2017-08-09,0.0,0.0,100.0
2017-08-10,0.0,0.0,100.0
2017-08-11,0.0,0.0,100.0
2017-08-12,0.0,0.0,100.0
2017-08-13,0.8976543209876544,2.945382093890765,100.0
2017-08-14,8.321851851851852,1.6548754568781838,100.0
2017-08-15,0.0,0.0,100.0
2017-08-16,0.0,0.0,100.0
2017-08-17,0.0,0.0,100.0
2017-08-18,0.0,0.0,100.0
2017-08-19,0.0,0.0,100.0
2017-08-20,0.0,0.0,100.0
2017-08-21,0.0,0.0,100.0
2017-08-22,0.0,0.0,100.0
2017-08-23,0.0,0.0,100.0
2017-08-24,0.0,0.0,100.0
2017-08-25,0.0,0.0,100.0
2017-08-26,0.0,0.0,100.0
2017-08-27,0.0,0.0,100.0
2017-08-28,0.0,0.0,100.0
2017-08-29,0.0,0.0,100.0
2017-08-30,0.0,0.0,100.0
2017-08-31,0.0,0.0,100.0
2017-09-01,0.0,0.0,100.0
2017-09-02,0.0,0.0,100.0
2017-09-03,0.0,0.0,100.0
2017-09-04,0.0,0.0,100.0
2017-09-05,0.0,0.0,100.0
2017-09-06,0.0,0.0,100.0
2017-09-07,0.0,0.0,100.0
2017-09-08,0.0,0.0,100.0
2017-09-09,2.6408750000000003,0.42032294320234115,98.76543209876543
2017-09-10,2.6398765432098767,0.34467554971001535,100.0
2017-09-11,0.0,0.0,100.0
2017-09-12,0.0,0.0,100.0
2017-09-13,0.0,0.0,100.0
2017-09-14,0.0,0.0,100.0
2017-09-15,0.0,0.0,100.0
2017-09-16,0.0,0.0,100.0
2017-09-17,0.0,0.0,100.0
2017-09-18,18.40703703703704,3.8786274777440424,100.0
2017-09-19,19.49135802469136,2.832941824802629,100.0
2017-09-20,22.965555555555554,1.5570830099901545,100.0
2017-09-21,8.589876543209877,1.0426786343681842,100.0
2017-09-22,1.913456790123457,0.7075047005035147,100.0
2017-09-23,0.0,0.0,100.0
2017-09-24,0.0,0.0,100.0
2017-09-25,1.461111111111111,0.5021727790312812,100.0
2017-09-26,3.6485000000000007,0.600710760450917,98.76543209876543
2017-09-27,0.0,0.0,100.0
2017-09-28,0.0,0.0,100.0
2017-09-29,0.0,0.0,100.0
2017-09-30,4.48716049382716,0.6806435090557706,100.0
2017-10-01,12.374074074074075,0.8086095747914716,100.0
2017-10-02,6.75530864197531,0.25653014647285166,100.0
2017-10-03,0.0,0.0,100.0
2017-10-04,0.0,0.0,100.0
2017-10-05,0.0,0.0,100.0
2017-10-06,0.0,0.0,100.0
2017-10-07,6.678765432098766,1.39250079238402,100.0
2017-10-08,19.708641975308645,1.6267596265939381,100.0
2017-10-09,3.6340000000000003,0.9026467411122173,98.76543209876543
2017-10-10,0.0,0.0,100.0
2017-10-11,6.634814814814814,1.3989050281480075,100.0
2017-10-12,11.856543209876543,1.7647975524786315,100.0
2017-10-13,25.908888888888892,2.037676986178133,100.0
2017-10-14,10.14283950617284,1.1628469746358518,100.0
2017-10-15,5.609506172839506,1.3726524516739187,100.0
2017-10-16,0.0,0.0,100.0
2017-10-17,0.0,0.0,100.0
2017-10-18,14.098024691358022,4.824872127775276,100.0
2017-10-19,40.22148148148148,4.83471666985541,100.0
2017-10-20,53.95320987654321,4.674774279887878,100.0
2017-10-21,37.93345679012346,5.188210712879207,100.0
2017-10-22,94.5537037037037,4.777333315889849,100.0
2017-10-23,35.97530864197531,3.276995608182804,100.0
2017-10-24,0.0,0.0,100.0
2017-10-25,0.0,0.0,100.0
2017-10-26,4.137407407407407,0.3610290077603798,100.0
2017-10-27,0.0,0.0,100.0
2017-10-28,0.0,0.0,100.0
2017-10-29,0.0,0.0,100.0
2017-10-30,0.0,0.0,100.0
2017-10-31,0.0,0.0,100.0
2017-11-01,0.0,0.0,100.0
2017-11-02,7.216049382716049,0.5295887060076566,100.0
2017-11-03,18.322716049382713,1.2060876961747837,100.0
2017-11-04,8.296296296296296,1.467767389987634,100.0
2017-11-05,16.896913580246913,1.7378504265149726,100.0
2017-11-06,18.694320987654322,1.188678823601654,100.0
2017-11-07,0.0,0.0,100.0
2017-11-08,0.0,0.0,100.0
2017-11-09,11.06074074074074,0.9542009455269075,100.0
2017-11-10,12.726296296296296,0.7546314405795131,100.0
2017-11-11,6.513703703703704,0.4291341411623073,100.0
2017-11-12,6.615925925925927,0.712474171071797,100.0
2017-11-13,11.645185185185184,0.9441267276048158,100.0
2017-11-14,31.401975308641976,1.6865567139538222,100.0
2017-11-15,11.536296296296296,2.039470791924001,100.0
2017-11-16,25.033703703703704,2.547573082584896,100.0
2017-11-17,25.069753086419755,3.077553807534745,100.0
2017-11-18,14.22827160493827,3.574787332878509,100.0
2017-11-19,0.0,0.0,100.0
2017-11-20,30.616049382716046,5.729134899575228,100.0
2017-11-21,64.24432098765432,5.856777684501864,100.0
2017-11-22,57.99493827160494,4.972304828612378,100.0
2017-11-23,35.58962962962963,4.169789396493678,100.0
2017-11-24,32.1795061728395,1.8143848139483587,100.0
2017-11-25,6.4692592592592595,1.1685726098298062,100.0
2017-11-26,9.960246913580246,1.1187492740876326,100.0
2017-11-27,18.627283950617283,1.8911960582827465,100.0
2017-11-28,7.942345679012345,2.130716001491599,100.0
2017-11-29,24.114938271604938,2.646597402069679,100.0
2017-11-30,8.870617283950617,0.6571288794426333,100.0
2017-12-01,6.361481481481481,0.3378576294503023,100.0
2017-12-02,28.157777777777774,2.703140303424889,100.0
2017-12-03,13.995061728395063,0.6327284635939618,100.0
2017-12-04,9.29283950617284,0.7262011335847344,100.0
2017-12-05,0.0,0.0,100.0
2017-12-06,0.0,0.0,100.0
2017-12-07,0.0,0.0,100.0
2017-12-08,0.0,0.0,100.0
2017-12-09,0.0,0.0,100.0
2017-12-10,0.0,0.0,100.0
2017-12-11,0.0,0.0,100.0
2017-12-12,0.0,0.0,100.0
2017-12-13,0.0,0.0,100.0
2017-12-14,0.0,0.0,100.0
2017-12-15,0.0,0.0,100.0
2017-12-16,11.516543209876541,2.5204598590801974,100.0
2017-12-17,14.142592592592592,3.042306599349323,100.0
2017-12-18,21.49493827160494,3.8584190815205615,100.0
2017-12-19,39.55456790123456,3.936781696190023,100.0
2017-12-20,38.531604938271606,2.5649778053572527,100.0
2017-12-21,3.01037037037037,2.8476483475160888,100.0
2017-12-22,14.380987654320986,1.0692095268681807,100.0
2017-12-23,11.254074074074072,1.1038532259519127,100.0
2017-12-24,0.0,0.0,100.0
2017-12-25,19.41308641975309,3.1524044957679958,100.0
2017-12-26,10.051975308641975,2.1506478208629876,100.0
2017-12-27,4.968271604938272,2.3307293869749532,100.0
2017-12-28,11.799259259259259,1.9891856234259397,100.0
2017-12-29,43.35395061728395,2.522599194785185,100.0
2017-12-30,58.90975308641975,2.007990895963327,100.0
2017-12-31,10.033333333333333,2.252570753605755,100.0
2018-01-01,0.0,0.0,100.0
2018-01-02,0.0,0.0,100.0
2018-01-03,0.0,0.0,100.0
2018-01-04,0.0,0.0,100.0
2018-01-05,12.961975308641973,2.653377291186219,100.0
2018-01-06,14.938148148148148,2.0772067248537827,100.0
2018-01-07,9.8879012345679,2.0606647689819555,100.0
2018-01-08,15.904567901234568,1.9375274510201885,100.0
2018-01-09,14.50753086419753,2.375896426017029,100.0
2018-01-10,14.238024691358024,2.35536962054424,100.0
2018-01-11,24.14,3.7308936597013855,100.0
2018-01-12,45.23469135802469,2.499435979586071,100.0
2018-01-13,13.595555555555556,2.6510205582001807,100.0
2018-01-14,7.528148148148148,1.4549579986301244,100.0
2018-01-15,0.0,0.0,100.0
2018-01-16,9.448024691358023,1.9792349656831336,100.0
2018-01-17,8.056666666666667,1.6954896048044648,100.0
2018-01-18,24.671975308641972,2.4633038889635026,100.0
2018-01-19,13.850987654320988,1.8774934120645215,100.0
2018-01-20,13.772716049382716,2.8967900391406,100.0
2018-01-21,13.817407407407408,2.679019306471016,100.0
2018-01-22,18.431604938271605,3.4596428489043936,100.0
2018-01-23,13.228641975308639,3.064471713479511,100.0
2018-01-24,37.520617283950614,3.495261558767459,100.0
2018-01-25,17.125185185185188,3.5599831850414376,100.0
2018-01-26,19.563703703703705,3.9045734224254396,100.0
2018-01-27,26.444197530864198,3.6477869538247196,100.0
2018-01-28,26.790617283950617,3.1402867487217683,100.0
2018-01-29,14.85716049382716,3.229745823810251,100.0
2018-01-30,36.55765432098765,3.718915591810648,100.0
2018-01-31,20.517777777777777,2.7090196566285747,100.0
2018-02-01,7.18148148148148,3.0778267946357505,100.0
2018-02-02,32.46543209876543,4.609924633164494,100.0
2018-02-03,32.922345679012345,5.8185091027695695,100.0
2018-02-04,42.90246913580248,6.75372333066439,100.0
2018-02-05,27.82061728395062,5.491873165341452,100.0
2018-02-06,8.577901234567902,3.361480223074867,100.0
2018-02-07,10.97037037037037,2.164149050114412,100.0
2018-02-08,5.998271604938271,1.6971540811925834,100.0
2018-02-09,0.0,0.0,100.0
2018-02-10,3.3946250000000004,0.5428684801209781,98.76543209876543
2018-02-11,0.0,0.0,100.0
2018-02-12,0.0,0.0,100.0
2018-02-13,0.0,0.0,100.0
2018-02-14,6.351604938271605,11.176390009389227,100.0
2018-02-15,19.718765432098767,4.605654780461745,100.0
2018-02-16,22.200864197530866,6.363140969193372,100.0
2018-02-17,33.74407407407407,6.216184677472545,100.0
2018-02-18,49.192499999999995,5.567293390526723,98.76543209876543
2018-02-19,16.642345679012347,3.338030958366376,100.0
2018-02-20,6.588518518518518,1.7932422529535095,100.0
2018-02-21,5.382469135802469,0.3669725155382809,100.0
2018-02-22,7.365308641975307,0.808919165336922,100.0
2018-02-23,7.55925925925926,1.815651933726408,100.0
2018-02-24,23.070864197530863,3.3438365680498143,100.0
2018-02-25,24.209753086419752,3.692952062817984,100.0
2018-02-26,32.70604938271605,4.242776413803922,100.0
2018-02-27,7.468395061728394,2.8657077907517556,100.0
2018-02-28,12.491358024691358,4.536424735704985,100.0
2018-03-01,15.936296296296298,3.46537387753632,100.0
2018-03-02,10.718641975308644,2.622672660229646,100.0
2018-03-03,8.047654320987654,1.4662914713699817,100.0
2018-03-04,0.0,0.0,100.0
2018-03-05,7.65246913580247,0.7568628192483059,100.0
2018-03-06,0.0,0.0,100.0
2018-03-07,0.0,0.0,100.0
2018-03-08,1.3358024691358024,2.166873822005755,100.0
2018-03-09,26.517530864197532,2.9891296939344225,100.0
2018-03-10,5.6070370370370375,1.3243644177910818,100.0
2018-03-11,0.0,0.0,100.0
2018-03-12,0.0,0.0,100.0
2018-03-13,0.0,0.0,100.0
2018-03-14,12.209999999999999,0.8161785956517115,100.0
2018-03-15,5.203086419753086,0.34337531206869193,100.0
2018-03-16,0.0,0.0,100.0
2018-03-17,4.4585185185185185,0.15500089605475767,100.0
2018-03-18,0.419625,1.0576346235044705,98.76543209876543
2018-03-19,0.0,0.0,100.0
2018-03-20,0.0,0.0,100.0
2018-03-21,0.0,0.0,100.0
2018-03-22,7.299382716049383,1.4266800146485303,100.0
2018-03-23,16.41160493827161,1.6810193758476755,100.0
2018-03-24,11.003209876543211,1.766951348481682,100.0
2018-03-25,8.921111111111111,2.651328440612366,100.0
2018-03-26,11.366296296296296,3.3037400943644326,100.0
2018-03-27,28.574320987654325,4.646849184735719,100.0
2018-03-28,21.343456790123458,3.028767142128059,100.0
2018-03-29,0.0,0.0,100.0
2018-03-30,0.0,0.0,100.0
2018-03-31,0.0,0.0,100.0
2018-04-01,0.0,0.0,100.0
2018-04-02,18.373703703703704,1.9616430896345824,100.0
2018-04-03,7.39358024691358,1.3659001689746355,100.0
2018-04-04,10.744938271604939,1.7541202377949965,100.0
2018-04-05,18.333456790123456,2.2236260704611666,100.0
2018-04-06,22.0658024691358,3.217822969104085,100.0
2018-04-07,16.650246913580247,3.3603050364917175,100.0
2018-04-08,27.4379012345679,3.4888134501752104,100.0
2018-04-09,31.066049382716052,2.2752113522771604,100.0
2018-04-10,0.0,0.0,100.0
2018-04-11,10.404074074074073,1.4075597480904478,100.0
2018-04-12,12.812469135802472,2.0803109928951713,100.0
2018-04-13,15.17395061728395,2.4367071423400195,100.0
2018-04-14,27.514197530864198,2.6231812099993834,100.0
2018-04-15,21.601728395061727,3.101847348808229,100.0
2018-04-16,22.587777777777777,3.9013135608407588,100.0
2018-04-17,29.275555555555556,4.268713213604307,100.0
2018-04-18,10.648024691358025,3.1357927306157714,100.0
2018-04-19,0.0,0.0,100.0
2018-04-20,0.0,0.0,100.0
2018-04-21,8.05037037037037,14.587968625244267,100.0
2018-04-22,10.606296296296298,4.091918390084425,100.0
2018-04-23,0.0,0.0,100.0
2018-04-24,0.0,0.0,100.0
2018-04-25,0.0,0.0,100.0
2018-04-26,0.0,0.0,100.0
2018-04-27,0.0,0.0,100.0
2018-04-28,0.9006172839506171,2.1818291326768766,100.0
2018-04-29,6.409135802469136,0.9016543094929234,100.0
2018-04-30,6.735679012345678,0.8067604016552945,100.0
2018-05-01,4.080123456790123,1.0095103934917664,100.0
2018-05-02,0.0,0.0,100.0
2018-05-03,0.0,0.0,100.0
2018-05-04,0.0,0.0,100.0
2018-05-05,0.0,0.0,100.0
2018-05-06,4.089135802469136,0.5068880486134592,100.0
2018-05-07,4.730987654320988,0.4887346031801708,100.0
2018-05-08,0.0,0.0,100.0
2018-05-09,10.254814814814816,0.530636672100391,100.0
2018-05-10,8.051481481481481,0.44783956700784916,100.0
2018-05-11,8.25753086419753,0.8696731151188324,100.0
2018-05-12,0.365679012345679,0.7438631229460245,100.0
2018-05-13,0.0,0.0,100.0
2018-05-14,0.0,0.0,100.0
2018-05-15,0.0,0.0,100.0
2018-05-16,0.0,0.0,100.0
2018-05-17,0.0,0.0,100.0
2018-05-18,0.0,0.0,100.0
2018-05-19,0.0,0.0,100.0
2018-05-20,4.718518518518519,0.5193243473762593,100.0
2018-05-21,0.0,0.0,100.0
2018-05-22,0.0,0.0,100.0
2018-05-23,0.0,0.0,100.0
2018-05-24,19.93098765432099,4.314195349349132,100.0
2018-05-25,0.0,0.0,100.0
2018-05-26,0.0,0.0,100.0
2018-05-27,0.0,0.0,100.0
2018-05-28,0.0,0.0,100.0
2018-05-29,0.0,0.0,100.0
2018-05-30,0.0,0.0,100.0
2018-05-31,0.0,0.0,100.0
2018-06-01,18.635925925925925,6.029952275469885,100.0
2018-06-02,0.0,0.0,100.0
2018-06-03,0.0,0.0,100.0
2018-06-04,0.0,0.0,100.0
2018-06-05,0.0,0.0,100.0
2018-06-06,0.0,0.0,100.0
2018-06-07,0.0,0.0,100.0
2018-06-08,0.0,0.0,100.0
2018-06-09,14.105308641975308,4.867396656946029,100.0
2018-06-10,40.65271604938272,6.956971146329716,100.0
2018-06-11,14.218641975308643,5.585395857297497,100.0
2018-06-12,0.0,0.0,100.0
2018-06-13,0.0,0.0,100.0
2018-06-14,25.06037037037037,6.229465555817057,100.0
2018-06-15,0.0,0.0,100.0
2018-06-16,0.0,0.0,100.0
2018-06-17,5.196296296296297,1.5668012353553693,100.0
2018-06-18,0.0,0.0,100.0
2018-06-19,0.0,0.0,100.0
2018-06-20,0.0,0.0,100.0
2018-06-21,0.0,0.0,100.0
2018-06-22,0.0,0.0,100.0
2018-06-23,4.687901234567901,1.2864998212683345,100.0
2018-06-24,0.0,0.0,100.0
2018-06-25,0.6146913580246912,1.5085291565128538,100.0
2018-06-26,4.63641975308642,0.9557854213184769,100.0
2018-06-27,0.0,0.0,100.0
2018-06-28,0.0,0.0,100.0
2018-06-29,4.785875,0.8933944565886287,98.76543209876543
2018-06-30,0.0,0.0,100.0
2018-07-01,0.0,0.0,100.0
2018-07-02,0.0,0.0,100.0
2018-07-03,0.0,0.0,100.0
2018-07-04,0.0,0.0,100.0
2018-07-05,0.0,0.0,100.0
2018-07-06,0.0,0.0,100.0
2018-07-07,0.0,0.0,100.0
2018-07-08,0.0,0.0,100.0
2018-07-09,0.0,0.0,100.0
2018-07-10,0.0,0.0,100.0
2018-07-11,0.0,0.0,100.0
2018-07-12,0.0,0.0,100.0
2018-07-13,0.0,0.0,100.0
2018-07-14,0.0,0.0,100.0
2018-07-15,0.0,0.0,100.0
2018-07-16,0.0,0.0,100.0
2018-07-17,0.0,0.0,100.0
2018-07-18,0.0,0.0,100.0
2018-07-19,0.0,0.0,100.0
2018-07-20,0.0,0.0,100.0
2018-07-21,0.0,0.0,100.0
2018-07-22,0.0,0.0,100.0
2018-07-23,0.0,0.0,100.0
2018-07-24,0.0,0.0,100.0
2018-07-25,0.0,0.0,100.0
2018-07-26,0.0,0.0,100.0
2018-07-27,0.0,0.0,100.0
2018-07-28,0.0,0.0,100.0
2018-07-29,0.0,0.0,100.0
2018-07-30,0.0,0.0,100.0
2018-07-31,0.0,0.0,100.0
2018-08-01,0.0,0.0,100.0
2018-08-02,0.0,0.0,100.0
2018-08-03,0.0,0.0,100.0
2018-08-04,0.0,0.0,100.0
2018-08-05,0.0,0.0,100.0
2018-08-06,0.0,0.0,100.0
2018-08-07,0.0,0.0,100.0
2018-08-08,0.0,0.0,100.0
2018-08-09,0.0,0.0,100.0
2018-08-10,0.0,0.0,100.0
2018-08-11,0.0,0.0,100.0
2018-08-12,5.822962962962963,0.38582523389626955,100.0
2018-08-13,0.0,0.0,100.0
2018-08-14,0.0,0.0,100.0
2018-08-15,0.0,0.0,100.0
2018-08-16,0.0,0.0,100.0
2018-08-17,0.0,0.0,100.0
2018-08-18,0.0,0.0,100.0
2018-08-19,0.0,0.0,100.0
2018-08-20,0.0,0.0,100.0
2018-08-21,0.0,0.0,100.0
2018-08-22,0.0,0.0,100.0
2018-08-23,0.0,0.0,100.0
2018-08-24,0.0,0.0,100.0
2018-08-25,0.0,0.0,100.0
2018-08-26,0.0,0.0,100.0
2018-08-27,12.649135802469138,2.405965605287648,100.0
2018-08-28,0.0,0.0,100.0
2018-08-29,0.0,0.0,100.0
2018-08-30,0.0,0.0,100.0
2018-08-31,0.0,0.0,100.0
2018-09-01,0.0,0.0,100.0
2018-09-02,0.0,0.0,100.0
2018-09-03,0.0,0.0,100.0
2018-09-04,0.0,0.0,100.0
2018-09-05,0.0,0.0,100.0
2018-09-06,0.0,0.0,100.0
2018-09-07,0.0,0.0,100.0
2018-09-08,0.0,0.0,100.0
2018-09-09,0.0,0.0,100.0
2018-09-10,0.0,0.0,100.0
2018-09-11,15.255432098765432,3.2063694614714615,100.0
2018-09-12,18.61,4.0521975519463505,100.0
2018-09-13,12.791358024691359,3.182434112863305,100.0
2018-09-14,7.292839506172839,2.031178373855864,100.0
2018-09-15,0.0,0.0,100.0
2018-09-16,7.612716049382716,0.3502178334468385,100.0
2018-09-17,14.193333333333335,0.4651075144523038,100.0
2018-09-18,0.0,0.0,100.0
2018-09-19,0.0,0.0,100.0
2018-09-20,0.0,0.0,100.0
2018-09-21,0.0,0.0,100.0
2018-09-22,2.16962962962963,2.792099319707505,100.0
2018-09-23,14.916543209876544,1.6374417245308512,100.0
2018-09-24,0.0,0.0,100.0
2018-09-25,0.0,0.0,100.0
2018-09-26,0.0,0.0,100.0
2018-09-27,0.0,0.0,100.0
2018-09-28,0.0,0.0,100.0
2018-09-29,0.0,0.0,100.0
2018-09-30,0.0,0.0,100.0
2018-10-01,19.14148148148148,4.554413549270397,100.0
2018-10-02,7.743827160493826,2.2515103641229564,100.0
2018-10-03,4.905555555555555,1.155995242204742,100.0
2018-10-04,0.0,0.0,100.0
2018-10-05,0.0,0.0,100.0
2018-10-06,20.243703703703705,1.3002282919207346,100.0
2018-10-07,4.145061728395062,0.9537899709275492,100.0
2018-10-08,7.128148148148148,1.5984931272225658,100.0
2018-10-09,25.18827160493827,2.564370190769781,100.0
2018-10-10,14.196419753086419,2.893145048490472,100.0
2018-10-11,0.0,0.0,100.0
2018-10-12,0.0,0.0,100.0
2018-10-13,0.0,0.0,100.0
2018-10-14,0.0,0.0,100.0
2018-10-15,0.0,0.0,100.0
2018-10-16,0.0,0.0,100.0
2018-10-17,0.0,0.0,100.0
2018-10-18,0.0,0.0,100.0
2018-10-19,0.0,0.0,100.0
2018-10-20,0.0,0.0,100.0
2018-10-21,0.0,0.0,100.0
2018-10-22,0.0,0.0,100.0
2018-10-23,0.0,0.0,100.0
2018-10-24,0.0,0.0,100.0
2018-10-25,0.0,0.0,100.0
2018-10-26,29.05135802469136,2.990444261763802,100.0
2018-10-27,17.25567901234568,3.2145742090794878,100.0
2018-10-28,43.5695061728395,4.6314128247313935,100.0
2018-10-29,30.89037037037037,4.109865400607557,100.0
2018-10-30,14.053827160493828,4.454706939828151,100.0
2018-10-31,25.03320987654321,5.322449113697681,100.0
2018-11-01,38.32074074074074,5.659585403935915,100.0
2018-11-02,21.343703703703703,4.878349988583344,100.0
2018-11-03,19.04925925925926,3.6941950333522513,100.0
2018-11-04,34.07666666666667,4.339459067671915,100.0
2018-11-05,29.409629629629627,3.283368866135986,100.0
2018-11-06,20.01283950617284,2.727591994125909,100.0
2018-11-07,8.32111111111111,1.9024661626425843,100.0
2018-11-08,0.0,0.0,100.0
2018-11-09,0.0,0.0,100.0
2018-11-10,4.893333333333333,0.8333726657384439,100.0
2018-11-11,0.0,0.0,100.0
2018-11-12,0.0,0.0,100.0
2018-11-13,0.0,0.0,100.0
2018-11-14,0.0,0.0,100.0
2018-11-15,10.69679012345679,1.9227674242875124,100.0
2018-11-16,0.0,0.0,100.0
2018-11-17,4.5079012345679015,0.4056005302307392,100.0
2018-11-18,0.0,0.0,100.0
2018-11-19,0.0,0.0,100.0
2018-11-20,0.0,0.0,100.0
2018-11-21,0.0,0.0,100.0
2018-11-22,7.71567901234568,1.4834309372798626,100.0
2018-11-23,19.490864197530865,2.2804847058963498,100.0
2018-11-24,28.591851851851853,3.80178645872934,100.0
2018-11-25,0.0,0.0,100.0
2018-11-26,7.324938271604937,2.90963319142499,100.0
2018-11-27,43.8016049382716,3.0218398604120815,100.0
2018-11-28,31.07925925925926,3.0992437697677873,100.0
2018-11-29,14.529999999999998,2.3147688869517835,100.0
2018-11-30,6.436543209876542,1.2631242619926861,100.0
2018-12-01,8.812962962962965,0.9684051895312783,100.0
2018-12-02,3.370375,1.1686716940531299,98.76543209876543
2018-12-03,0.0,0.0,100.0
2018-12-04,0.0,0.0,100.0
2018-12-05,0.0,0.0,100.0
2018-12-06,0.0,0.0,100.0
2018-12-07,0.0,0.0,100.0
2018-12-08,0.0,0.0,100.0
2018-12-09,3.361604938271605,0.03685976092310752,100.0
2018-12-10,16.997037037037035,0.5217169837288328,100.0
2018-12-11,13.567160493827162,1.143837001683261,100.0
2018-12-12,44.72641975308642,1.7698526129610168,100.0
2018-12-13,16.644074074074073,1.3656598934011517,100.0
2018-12-14,22.0458024691358,2.1619706659651574,100.0
2018-12-15,12.528395061728395,2.017564408383363,100.0
2018-12-16,9.604938271604938,2.301979106908222,100.0
2018-12-17,14.266419753086419,1.6394993966467137,100.0
2018-12-18,21.443086419753087,1.2956587532750556,100.0
2018-12-19,53.43888888888889,1.5161192235441117,100.0
2018-12-20,14.012469135802469,1.6590852380635823,100.0
2018-12-21,13.108888888888885,1.316442174954905,100.0
2018-12-22,0.0,0.0,100.0
2018-12-23,12.04604938271605,1.2522556438406913,100.0
2018-12-24,25.354938271604937,1.8108693516214736,100.0
2018-12-25,0.0,0.0,100.0
2018-12-26,0.0,0.0,100.0
2018-12-27,25.936913580246912,3.51144366392774,100.0
2018-12-28,7.342592592592594,3.3450582124149113,100.0
2018-12-29,29.75888888888889,3.4708993791235145,100.0
2018-12-30,32.92456790123457,2.548500563754458,100.0
2018-12-31,13.330000000000004,1.9477211042651872,100.0
2019-01-01,0.0,0.0,100.0
