date,LST_Day_1km
2013_01_01,13637.58888
2013_01_02,13726.96287
2013_01_03,13740.3925
2013_01_04,13486.8515
2013_01_05,
2013_01_06,13719.35165
2013_01_07,
2013_01_08,
2013_01_09,12575.54759
2013_01_10,13302.91157
2013_01_11,13262.21967
2013_01_12,13232.63999
2013_01_13,13246.22206
2013_01_14,
2013_01_15,13621.72993
2013_01_16,13781.50379
2013_01_17,14006.79433
2013_01_18,13831.11683
2013_01_19,14025.74799
2013_01_20,14040.7489
2013_01_21,14007.62864
2013_01_22,
2013_01_23,
2013_01_24,13151.4889
2013_01_25,12938.17731
2013_01_26,13114.04348
2013_01_27,12960.75
2013_01_28,
2013_01_29,13421.259
2013_01_30,13019.28162
2013_01_31,13359.5211
2013_02_01,13702.20924
2013_02_02,14051.43625
2013_02_03,
2013_02_04,
2013_02_05,13371.30471
2013_02_06,
2013_02_07,13557.70675
2013_02_08,13430.29044
2013_02_09,
2013_02_10,13510.61739
2013_02_11,12991
2013_02_12,13386.60944
2013_02_13,13227
2013_02_14,13345.88601
2013_02_15,13960.63899
2013_02_16,13757.18966
2013_02_17,13039.89897
2013_02_18,
2013_02_19,13338.60929
2013_02_20,12709.50202
2013_02_21,
2013_02_22,
2013_02_23,
2013_02_24,
2013_02_25,13089.11607
2013_02_26,
2013_02_27,13463.50102
2013_02_28,
2013_03_01,
2013_03_02,
2013_03_03,13567.89978
2013_03_04,13686.32416
2013_03_05,
2013_03_06,
2013_03_07,13217.85915
2013_03_08,13757.78783
2013_03_09,13847.8078
2013_03_10,
2013_03_11,
2013_03_12,
2013_03_13,
2013_03_14,
2013_03_15,
2013_03_16,
2013_03_17,13483
2013_03_18,
2013_03_19,
2013_03_20,13079
2013_03_21,13525.67493
2013_03_22,13201.02776
2013_03_23,13212.98446
2013_03_24,
2013_03_25,13534.91902
2013_03_26,
2013_03_27,
2013_03_28,
2013_03_29,13801.9188
2013_03_30,14227.31896
2013_03_31,14375.15614
2013_04_01,14228.91352
2013_04_02,13472.78208
2013_04_03,14134.55633
2013_04_04,
2013_04_05,
2013_04_06,
2013_04_07,
2013_04_08,13287.67285
2013_04_09,13415
2013_04_10,
2013_04_11,13206.58532
2013_04_12,
2013_04_13,
2013_04_14,13235.29462
2013_04_15,13531.13202
2013_04_16,13774
2013_04_17,13730.78374
2013_04_18,
2013_04_19,
2013_04_20,13474.57248
2013_04_21,13377.43342
2013_04_22,13950.62472
2013_04_23,13841.22027
2013_04_24,14252.00294
2013_04_25,14269.47265
2013_04_26,14355.75429
2013_04_27,
2013_04_28,13422.45705
2013_04_29,13378.01136
2013_04_30,12838
2013_05_01,14138.43454
2013_05_02,14405.93924
2013_05_03,14346.25482
2013_05_04,14451.71173
2013_05_05,14551.42849
2013_05_06,14644.99532
2013_05_07,14476.25764
2013_05_08,14388.80025
2013_05_09,14522.80896
2013_05_10,14601.21577
2013_05_11,14441.68425
2013_05_12,
2013_05_13,
2013_05_14,
2013_05_15,
2013_05_16,14203.15213
2013_05_17,
2013_05_18,
2013_05_19,13649.72634
2013_05_20,14157.09561
2013_05_21,
2013_05_22,
2013_05_23,
2013_05_24,14007.73514
2013_05_25,
2013_05_26,13832.27402
2013_05_27,
2013_05_28,13524.03709
2013_05_29,
2013_05_30,
2013_05_31,13693.83583
2013_06_01,14320.44543
2013_06_02,14074.24706
2013_06_03,14336.21636
2013_06_04,14629.65821
2013_06_05,14423.77319
2013_06_06,14603.06353
2013_06_07,13761.25931
2013_06_08,14476.22531
2013_06_09,14298.31376
2013_06_10,14201.11604
2013_06_11,13769.89209
2013_06_12,13980.28424
2013_06_13,
2013_06_14,13716.13736
2013_06_15,14600.87667
2013_06_16,14399.52722
2013_06_17,
2013_06_18,14222.29935
2013_06_19,
2013_06_20,
2013_06_21,13815.44507
2013_06_22,14496.36686
2013_06_23,
2013_06_24,
2013_06_25,
2013_06_26,
2013_06_27,
2013_06_28,14844.37769
2013_06_29,14753.45974
2013_06_30,14945.3347
2013_07_01,14922.90891
2013_07_02,14876.08697
2013_07_03,14621.86415
2013_07_04,13853.26247
2013_07_05,13742.01422
2013_07_06,14581.83722
2013_07_07,14586.35836
2013_07_08,14635.41698
2013_07_09,14788.74316
2013_07_10,14667.07184
2013_07_11,14486.24084
2013_07_12,
2013_07_13,14574.50645
2013_07_14,14693.19517
2013_07_15,14716.13976
2013_07_16,14649.52911
2013_07_17,14600.89257
2013_07_18,14678.41869
2013_07_19,14697.85157
2013_07_20,14772.41095
2013_07_21,14678.26204
2013_07_22,14721.16093
2013_07_23,14815.22299
2013_07_24,14786.63357
2013_07_25,14815.28809
2013_07_26,14784.85149
2013_07_27,14639.57445
2013_07_28,14458.99513
2013_07_29,14620.97146
2013_07_30,14512.87773
2013_07_31,
2013_08_01,14194.64809
2013_08_02,
2013_08_03,14484.04746
2013_08_04,14671.49027
2013_08_05,14809.5521
2013_08_06,14824.90114
2013_08_07,14846.66605
2013_08_08,14283.92898
2013_08_09,14904.80515
2013_08_10,14627.25782
2013_08_11,
2013_08_12,14586.12219
2013_08_13,14691.56386
2013_08_14,
2013_08_15,
2013_08_16,14752.23583
2013_08_17,14303.98293
2013_08_18,14684.00065
2013_08_19,14619.77416
2013_08_20,14538.99466
2013_08_21,14578.62671
2013_08_22,14740.73835
2013_08_23,14494.78045
2013_08_24,14414.39631
2013_08_25,14345.65957
2013_08_26,14241.42206
2013_08_27,14422.40323
2013_08_28,14655.1753
2013_08_29,
2013_08_30,14455.91845
2013_08_31,14750.98482
2013_09_01,14775.53133
2013_09_02,14548.85946
2013_09_03,14383.49569
2013_09_04,14517.74699
2013_09_05,
2013_09_06,
2013_09_07,14399.07514
2013_09_08,14587.41688
2013_09_09,14625.71123
2013_09_10,14831.90277
2013_09_11,14976.70515
2013_09_12,14949.68094
2013_09_13,14713.35604
2013_09_14,14830.17225
2013_09_15,14549.54586
2013_09_16,
2013_09_17,
2013_09_18,
2013_09_19,14518.18545
2013_09_20,14251.80339
2013_09_21,14277.97616
2013_09_22,
2013_09_23,
2013_09_24,
2013_09_25,13513.73297
2013_09_26,13872.45226
2013_09_27,
2013_09_28,
2013_09_29,
2013_09_30,
2013_10_01,
2013_10_02,
2013_10_03,13548.84784
2013_10_04,14174.29087
2013_10_05,14283.44958
2013_10_06,14466.20241
2013_10_07,
2013_10_08,13313.92105
2013_10_09,13888.15979
2013_10_10,14046.7265
2013_10_11,
2013_10_12,13254.16949
2013_10_13,14015.35493
2013_10_14,14137.21442
2013_10_15,14128.79947
2013_10_16,14043.24539
2013_10_17,14256.33989
2013_10_18,14344.28796
2013_10_19,14206.84125
2013_10_20,14410.91021
2013_10_21,14523.56338
2013_10_22,14530.07007
2013_10_23,14543.26282
2013_10_24,14476.21345
2013_10_25,14173.09448
2013_10_26,14210.91478
2013_10_27,13455.68323
2013_10_28,13929.9235
2013_10_29,13967.92889
2013_10_30,13954.51394
2013_10_31,13476.73595
2013_11_01,14130.20724
2013_11_02,
2013_11_03,
2013_11_04,13694.80396
2013_11_05,
2013_11_06,
2013_11_07,
2013_11_08,
2013_11_09,12552.0566
2013_11_10,
2013_11_11,13896.7586
2013_11_12,13956.35319
2013_11_13,13891.44404
2013_11_14,13174.81811
2013_11_15,13172.75853
2013_11_16,
2013_11_17,12999.85507
2013_11_18,12933.875
2013_11_19,
2013_11_20,13493.70087
2013_11_21,13585.14909
2013_11_22,13856.33595
2013_11_23,13783.04037
2013_11_24,14140.49278
2013_11_25,13984.14216
2013_11_26,13817.42868
2013_11_27,14081.75904
2013_11_28,14040.50364
2013_11_29,
2013_11_30,
2013_12_01,
2013_12_02,
2013_12_03,13069.3858
2013_12_04,13055.32753
2013_12_05,
2013_12_06,12983.24376
2013_12_07,13092.76538
2013_12_08,13168.60297
2013_12_09,13225.86287
2013_12_10,
2013_12_11,13415.3444
2013_12_12,
2013_12_13,13209.16123
2013_12_14,
2013_12_15,13583.52742
2013_12_16,13518.69846
2013_12_17,13954.02636
2013_12_18,13158.34169
2013_12_19,
2013_12_20,
2013_12_21,13309.57739
2013_12_22,13538.33075
2013_12_23,
2013_12_24,13585.24232
2013_12_25,
2013_12_26,13930.35311
2013_12_27,
2013_12_28,13506.31684
2013_12_29,13549.87191
2013_12_30,
2013_12_31,
2014_01_01,13672.22506
2014_01_02,
2014_01_03,13170.99263
2014_01_04,13552.41939
2014_01_05,13786.99054
2014_01_06,13795.91955
2014_01_07,13186.36754
2014_01_08,
2014_01_09,
2014_01_10,13254.0378
2014_01_11,
2014_01_12,
2014_01_13,13163.0886
2014_01_14,13072.05021
2014_01_15,13678.84298
2014_01_16,14017.50811
2014_01_17,14066.40392
2014_01_18,14033.52544
2014_01_19,13864.22528
2014_01_20,14091.33956
2014_01_21,13969.58389
2014_01_22,13370.34286
2014_01_23,13935.55247
2014_01_24,14152.17162
2014_01_25,14036.90348
2014_01_26,13989.95504
2014_01_27,
2014_01_28,12730
2014_01_29,
2014_01_30,
2014_01_31,12931.71008
2014_02_01,13311.32812
2014_02_02,13534.71177
2014_02_03,
2014_02_04,12258
2014_02_05,13045.23838
2014_02_06,12786.95118
2014_02_07,13337.64168
2014_02_08,
2014_02_09,
2014_02_10,13177.66197
2014_02_11,
2014_02_12,13498.30989
2014_02_13,13449.05507
2014_02_14,
2014_02_15,
2014_02_16,13281.28188
2014_02_17,
2014_02_18,
2014_02_19,
2014_02_20,
2014_02_21,
2014_02_22,
2014_02_23,
2014_02_24,
2014_02_25,13839.61268
2014_02_26,13736.46819
2014_02_27,
2014_02_28,13966.46747
2014_03_01,
2014_03_02,
2014_03_03,13491.9715
2014_03_04,
2014_03_05,
2014_03_06,
2014_03_07,13546.85906
2014_03_08,
2014_03_09,
2014_03_10,13367.55907
2014_03_11,13780.06791
2014_03_12,14064.45434
2014_03_13,13799.36344
2014_03_14,13792.46327
2014_03_15,
2014_03_16,
2014_03_17,13082.39745
2014_03_18,13531.85266
2014_03_19,
2014_03_20,13510.79768
2014_03_21,13414.28436
2014_03_22,13660.87692
2014_03_23,13903.47027
2014_03_24,14009.21966
2014_03_25,
2014_03_26,
2014_03_27,
2014_03_28,
2014_03_29,
2014_03_30,13130.96916
2014_03_31,13454.30351
2014_04_01,
2014_04_02,13864.78855
2014_04_03,
2014_04_04,13506.13141
2014_04_05,
2014_04_06,13552.36031
2014_04_07,14219.37293
2014_04_08,14163.32882
2014_04_09,13808.34659
2014_04_10,13881.95488
2014_04_11,14150.33178
2014_04_12,13904.74626
2014_04_13,14235.22781
2014_04_14,14237.69388
2014_04_15,13994.43771
2014_04_16,
2014_04_17,
2014_04_18,13731.62002
2014_04_19,13688.70101
2014_04_20,
2014_04_21,
2014_04_22,13358.04858
2014_04_23,
2014_04_24,
2014_04_25,13779.51132
2014_04_26,13636.43759
2014_04_27,
2014_04_28,13742.1534
2014_04_29,14227.44499
2014_04_30,14559.05918
2014_05_01,14338.81907
2014_05_02,
2014_05_03,
2014_05_04,
2014_05_05,
2014_05_06,13461.90323
2014_05_07,14143.67776
2014_05_08,
2014_05_09,
2014_05_10,13686.0115
2014_05_11,14169.24065
2014_05_12,14052.44582
2014_05_13,14553.57875
2014_05_14,
2014_05_15,
2014_05_16,13876.79881
2014_05_17,13957.1504
2014_05_18,14100.65171
2014_05_19,13796.90995
2014_05_20,14328.09459
2014_05_21,14123.79749
2014_05_22,14409.09965
2014_05_23,
2014_05_24,
2014_05_25,
2014_05_26,13373.47491
2014_05_27,14095.62626
2014_05_28,13178.4
2014_05_29,13727.86701
2014_05_30,14361.16027
2014_05_31,14472.43962
2014_06_01,14344.51993
2014_06_02,14504.79194
2014_06_03,14151.53058
2014_06_04,14386.19505
2014_06_05,14452.12056
2014_06_06,14376.97129
2014_06_07,14464.53574
2014_06_08,14274.77359
2014_06_09,13775.07087
2014_06_10,14164.94959
2014_06_11,14296.65701
2014_06_12,14286.63084
2014_06_13,
2014_06_14,13657.0182
2014_06_15,
2014_06_16,
2014_06_17,13619.29029
2014_06_18,
2014_06_19,14487.07499
2014_06_20,14128.43818
2014_06_21,
2014_06_22,
2014_06_23,14261.40894
2014_06_24,14163.13282
2014_06_25,
2014_06_26,
2014_06_27,
2014_06_28,14376.15952
2014_06_29,13586
2014_06_30,14550.25252
2014_07_01,14892.41567
2014_07_02,
2014_07_03,
2014_07_04,14259.12788
2014_07_05,
2014_07_06,14672.42996
2014_07_07,14808.3595
2014_07_08,14741.88572
2014_07_09,14722.7839
2014_07_10,14693.07917
2014_07_11,14910.84356
2014_07_12,14929.22069
2014_07_13,
2014_07_14,14833.6401
2014_07_15,14913.78729
2014_07_16,14980.10084
2014_07_17,14652.21992
2014_07_18,
2014_07_19,14354.41981
2014_07_20,14099.92889
2014_07_21,14515.25002
2014_07_22,
2014_07_23,
2014_07_24,
2014_07_25,14492.95466
2014_07_26,14628.44986
2014_07_27,14545.78003
2014_07_28,14851.6471
2014_07_29,14868.95048
2014_07_30,14764.7232
2014_07_31,14721.14132
2014_08_01,14885.7952
2014_08_02,14801.76221
2014_08_03,14901.42151
2014_08_04,14894.65266
2014_08_05,14798.79616
2014_08_06,14591.48921
2014_08_07,14579.0667
2014_08_08,14563.6085
2014_08_09,14430.56283
2014_08_10,14904.74222
2014_08_11,15164.19968
2014_08_12,
2014_08_13,14426.7962
2014_08_14,
2014_08_15,
2014_08_16,14567.01612
2014_08_17,14638.37976
2014_08_18,14784.48104
2014_08_19,14704.44275
2014_08_20,14079.02863
2014_08_21,14339.93592
2014_08_22,14489.24163
2014_08_23,14624.71869
2014_08_24,14610.49704
2014_08_25,14640.92008
2014_08_26,14816.75728
2014_08_27,14760.79591
2014_08_28,14574.8829
2014_08_29,
2014_08_30,
2014_08_31,13680.71154
2014_09_01,14435.97581
2014_09_02,14441.95149
2014_09_03,14002.75276
2014_09_04,14540.88859
2014_09_05,14686.80346
2014_09_06,14859.26112
2014_09_07,14801.19114
2014_09_08,14465.21735
2014_09_09,14238.11289
2014_09_10,14421.11624
2014_09_11,14408.86357
2014_09_12,14614.65316
2014_09_13,14693.82469
2014_09_14,14763.45457
2014_09_15,14893.39949
2014_09_16,14510.45487
2014_09_17,
2014_09_18,13652
2014_09_19,14343.95805
2014_09_20,14752.96012
2014_09_21,14891.02863
2014_09_22,14512.6645
2014_09_23,
2014_09_24,
2014_09_25,
2014_09_26,
2014_09_27,14264.42152
2014_09_28,14289.44521
2014_09_29,14255.89416
2014_09_30,14072.81224
2014_10_01,13952.16248
2014_10_02,14242.86658
2014_10_03,14552.83047
2014_10_04,14392.82599
2014_10_05,14626.21642
2014_10_06,14648.29698
2014_10_07,14596.168
2014_10_08,
2014_10_09,14520.31122
2014_10_10,14447.13425
2014_10_11,
2014_10_12,
2014_10_13,14382.4437
2014_10_14,
2014_10_15,
2014_10_16,14162.61857
2014_10_17,
2014_10_18,14061.86047
2014_10_19,14395.83161
2014_10_20,
2014_10_21,
2014_10_22,
2014_10_23,
2014_10_24,
2014_10_25,
2014_10_26,
2014_10_27,13859.32712
2014_10_28,
2014_10_29,14030.92698
2014_10_30,
2014_10_31,
2014_11_01,13372.88254
2014_11_02,13314.65366
2014_11_03,
2014_11_04,
2014_11_05,
2014_11_06,
2014_11_07,13853.10109
2014_11_08,14108.30256
2014_11_09,13240.88535
2014_11_10,13818.86966
2014_11_11,13577.30496
2014_11_12,13555.22475
2014_11_13,
2014_11_14,13608.9849
2014_11_15,13630.59732
2014_11_16,13928.70331
2014_11_17,14012.9586
2014_11_18,
2014_11_19,
2014_11_20,
2014_11_21,12693.21857
2014_11_22,
2014_11_23,
2014_11_24,
2014_11_25,
2014_11_26,
2014_11_27,
2014_11_28,
2014_11_29,13118.05513
2014_11_30,13385.51883
2014_12_01,13473.71326
2014_12_02,13658.63055
2014_12_03,13661.94238
2014_12_04,13127.05924
2014_12_05,
2014_12_06,13531
2014_12_07,
2014_12_08,
2014_12_09,
2014_12_10,
2014_12_11,
2014_12_12,12551.1421
2014_12_13,13561.01885
2014_12_14,13726.48484
2014_12_15,13610.12549
2014_12_16,
2014_12_17,
2014_12_18,
2014_12_19,13429.12155
2014_12_20,
2014_12_21,
2014_12_22,13686.87767
2014_12_23,
2014_12_24,
2014_12_25,13513.27697
2014_12_26,13210.06218
2014_12_27,
2014_12_28,13180.79818
2014_12_29,13313.69101
2014_12_30,13323.43054
2014_12_31,13531.61379
2015_01_01,13673.91192
2015_01_02,
2015_01_03,
2015_01_04,
2015_01_05,12687.05353
2015_01_06,
2015_01_07,14155.9522
2015_01_08,14030.4088
2015_01_09,13708.60655
2015_01_10,13311.03905
2015_01_11,
2015_01_12,13765.70931
2015_01_13,13838.26684
2015_01_14,13938.49303
2015_01_15,
2015_01_16,13646.87416
2015_01_17,
2015_01_18,
2015_01_19,13553.12638
2015_01_20,13642.91826
2015_01_21,13546.5349
2015_01_22,13447.73943
2015_01_23,
2015_01_24,13659.11997
2015_01_25,14172.86091
2015_01_26,14283.79282
2015_01_27,
2015_01_28,13909.53799
2015_01_29,14029.0032
2015_01_30,14102.44243
2015_01_31,14011.46246
2015_02_01,
2015_02_02,12640.38915
2015_02_03,
2015_02_04,
2015_02_05,13542
2015_02_06,
2015_02_07,
2015_02_08,
2015_02_09,
2015_02_10,13240.21625
2015_02_11,
2015_02_12,14171.92903
2015_02_13,14084.88069
2015_02_14,13818.16549
2015_02_15,13994.0288
2015_02_16,13979.81991
2015_02_17,14120.99078
2015_02_18,13950.87536
2015_02_19,
2015_02_20,
2015_02_21,13694.41341
2015_02_22,13807.68
2015_02_23,13975.51745
2015_02_24,13790.61729
2015_02_25,13094.08655
2015_02_26,13145.79189
2015_02_27,
2015_02_28,13782.40103
2015_03_01,13892.58847
2015_03_02,13429.33279
2015_03_03,13770.31194
2015_03_04,13890.67406
2015_03_05,13845.33654
2015_03_06,13920.74533
2015_03_07,14153.35847
2015_03_08,14275.49467
2015_03_09,14226.56057
2015_03_10,14030.11348
2015_03_11,13365
2015_03_12,13960.97246
2015_03_13,14068.26854
2015_03_14,
2015_03_15,
2015_03_16,13768.97238
2015_03_17,
2015_03_18,13409.04281
2015_03_19,
2015_03_20,
2015_03_21,
2015_03_22,
2015_03_23,
2015_03_24,13589.33993
2015_03_25,
2015_03_26,14163.79025
2015_03_27,13765.29511
2015_03_28,13268.99492
2015_03_29,13851.16706
2015_03_30,14170.05452
2015_03_31,13726.2826
2015_04_01,13746.11399
2015_04_02,13664.65086
2015_04_03,
2015_04_04,13767.68276
2015_04_05,13869.92578
2015_04_06,13603.24119
2015_04_07,
2015_04_08,13657.23557
2015_04_09,14082.64015
2015_04_10,
2015_04_11,
2015_04_12,13465.96288
2015_04_13,
2015_04_14,13672.99535
2015_04_15,13750.67898
2015_04_16,14201.6683
2015_04_17,14322.24722
2015_04_18,14361.14361
2015_04_19,14390.66193
2015_04_20,14488.45778
2015_04_21,14179.84698
2015_04_22,13972.59816
2015_04_23,
2015_04_24,
2015_04_25,13978.6878
2015_04_26,
2015_04_27,14458.90345
2015_04_28,
2015_04_29,13947.59848
2015_04_30,14238.28783
2015_05_01,14183.03714
2015_05_02,14278.85728
2015_05_03,14393.31157
2015_05_04,14337.13692
2015_05_05,13752.91311
2015_05_06,13834.63236
2015_05_07,14235.36014
2015_05_08,14431.13888
2015_05_09,14565.44491
2015_05_10,14226.32986
2015_05_11,
2015_05_12,13568.55725
2015_05_13,
2015_05_14,13754.61703
2015_05_15,13584.95912
2015_05_16,13671.2183
2015_05_17,
2015_05_18,14483.7149
2015_05_19,14293.96861
2015_05_20,14405.04452
2015_05_21,14339.93333
2015_05_22,
2015_05_23,
2015_05_24,
2015_05_25,14354.72976
2015_05_26,13791.047
2015_05_27,14495.50972
2015_05_28,14658.54967
2015_05_29,14426.89104
2015_05_30,14388.38989
2015_05_31,
2015_06_01,
2015_06_02,
2015_06_03,
2015_06_04,14134.24859
2015_06_05,14600.4475
2015_06_06,14743.6416
2015_06_07,14800.16574
2015_06_08,14931.28149
2015_06_09,14821.89245
2015_06_10,14692.95191
2015_06_11,14597.90436
2015_06_12,14374.6951
2015_06_13,14467.25895
2015_06_14,14674.68971
2015_06_15,14559.72725
2015_06_16,14439.0146
2015_06_17,14649.29043
2015_06_18,14401.74651
2015_06_19,14286.37504
2015_06_20,14536.62845
2015_06_21,14517.43162
2015_06_22,14301.26523
2015_06_23,14468.63178
2015_06_24,
2015_06_25,14826.44227
2015_06_26,14978.94021
2015_06_27,
2015_06_28,
2015_06_29,14872.38463
2015_06_30,14859.42072
2015_07_01,14970.913
2015_07_02,14964.94227
2015_07_03,15067.48691
2015_07_04,14930.77222
2015_07_05,15056.02503
2015_07_06,14975.77902
2015_07_07,14811.9809
2015_07_08,14886.34522
2015_07_09,14877.26845
2015_07_10,
2015_07_11,
2015_07_12,14610.79138
2015_07_13,14491.86486
2015_07_14,14523.85833
2015_07_15,14449.42434
2015_07_16,14285.92475
2015_07_17,14675.12936
2015_07_18,14860.15841
2015_07_19,15059.00469
2015_07_20,14775.57306
2015_07_21,14452.0522
2015_07_22,14062.93579
2015_07_23,14292.26586
2015_07_24,14513.3969
2015_07_25,
2015_07_26,13664.9396
2015_07_27,14308.0688
2015_07_28,14632.84124
2015_07_29,14860.91601
2015_07_30,15151.92905
2015_07_31,15091.20519
2015_08_01,15022.53049
2015_08_02,14948.42797
2015_08_03,
2015_08_04,14663.57099
2015_08_05,14410.00747
2015_08_06,14343.9676
2015_08_07,14689.33336
2015_08_08,14651.95359
2015_08_09,14668.12407
2015_08_10,14587.77248
2015_08_11,14565.87024
2015_08_12,14607.02513
2015_08_13,14877.34548
2015_08_14,
2015_08_15,13739.01339
2015_08_16,14549.64995
2015_08_17,14669.80827
2015_08_18,14883.651
2015_08_19,14862.40066
2015_08_20,14613.51382
2015_08_21,13761.38858
2015_08_22,14713.96749
2015_08_23,14762.93832
2015_08_24,14592.82787
2015_08_25,14674.44064
2015_08_26,14694.48708
2015_08_27,14837.43724
2015_08_28,14561.74245
2015_08_29,
2015_08_30,
2015_08_31,
2015_09_01,
2015_09_02,
2015_09_03,14159.57029
2015_09_04,13951.66758
2015_09_05,13725.95187
2015_09_06,
2015_09_07,14121.58575
2015_09_08,14414.59466
2015_09_09,14539.99203
2015_09_10,14710.41867
2015_09_11,14857.97485
2015_09_12,14824.81759
2015_09_13,13740
2015_09_14,
2015_09_15,
2015_09_16,
2015_09_17,
2015_09_18,14358.37806
2015_09_19,
2015_09_20,13725
2015_09_21,14175.08832
2015_09_22,14239.96266
2015_09_23,14399.18512
2015_09_24,14463.26033
2015_09_25,
2015_09_26,14126.32544
2015_09_27,14206.71033
2015_09_28,14481.9404
2015_09_29,14629.59049
2015_09_30,14541.38529
2015_10_01,14497.21346
2015_10_02,
2015_10_03,14136.31731
2015_10_04,14370.52352
2015_10_05,14492.41655
2015_10_06,
2015_10_07,
2015_10_08,
2015_10_09,
2015_10_10,
2015_10_11,14149.3422
2015_10_12,14313.27479
2015_10_13,14092.76111
2015_10_14,14269.61306
2015_10_15,14225.43701
2015_10_16,14713.31351
2015_10_17,
2015_10_18,
2015_10_19,14129.77297
2015_10_20,14049.23666
2015_10_21,
2015_10_22,14087.91627
2015_10_23,
2015_10_24,
2015_10_25,
2015_10_26,13399.41952
2015_10_27,13883.55122
2015_10_28,
2015_10_29,13809.41355
2015_10_30,
2015_10_31,
2015_11_01,
2015_11_02,13677.49739
2015_11_03,
2015_11_04,13751.83204
2015_11_05,13012.96076
2015_11_06,13628.74814
2015_11_07,
2015_11_08,13387.52384
2015_11_09,13597.45935
2015_11_10,13248.76247
2015_11_11,13570.01755
2015_11_12,
2015_11_13,
2015_11_14,
2015_11_15,
2015_11_16,
2015_11_17,
2015_11_18,
2015_11_19,
2015_11_20,13483.79102
2015_11_21,13813.68021
2015_11_22,13957.26291
2015_11_23,13707.71977
2015_11_24,
2015_11_25,13532.0313
2015_11_26,13693.95669
2015_11_27,13812.48097
2015_11_28,13874.70638
2015_11_29,13861.3898
2015_11_30,13797.73806
2015_12_01,13808.48737
2015_12_02,13546.50226
2015_12_03,
2015_12_04,13326.73971
2015_12_05,
2015_12_06,13629.24254
2015_12_07,
2015_12_08,
2015_12_09,
2015_12_10,
2015_12_11,
2015_12_12,
2015_12_13,
2015_12_14,13324.21593
2015_12_15,13632.11344
2015_12_16,13243.15952
2015_12_17,
2015_12_18,12817.52595
2015_12_19,13477.01864
2015_12_20,13363.33578
2015_12_21,
2015_12_22,13215.38161
2015_12_23,
2015_12_24,13421.29038
2015_12_25,13228.4553
2015_12_26,
2015_12_27,
2015_12_28,13009.09498
2015_12_29,13280.71949
2015_12_30,13302.11509
2015_12_31,13439.6708
2016_01_01,13630.31104
2016_01_02,13565.16051
2016_01_03,
2016_01_04,13631.92573
2016_01_05,
2016_01_06,
2016_01_07,13059.48981
2016_01_08,13677.48152
2016_01_09,13335.41964
2016_01_10,13779.58438
2016_01_11,13235
2016_01_12,
2016_01_13,
2016_01_14,13254.13478
2016_01_15,13159.06805
2016_01_16,
2016_01_17,
2016_01_18,13474.21771
2016_01_19,
2016_01_20,13247.42636
2016_01_21,
2016_01_22,13259.04952
2016_01_23,12640.33305
2016_01_24,13392.4608
2016_01_25,13757.8803
2016_01_26,
2016_01_27,
2016_01_28,
2016_01_29,13324.00565
2016_01_30,13419.61829
2016_01_31,13525.64729
2016_02_01,12924.64314
2016_02_02,13569.89126
2016_02_03,13116.03672
2016_02_04,
2016_02_05,
2016_02_06,
2016_02_07,13841.4999
2016_02_08,14214.83275
2016_02_09,14301.93854
2016_02_10,
2016_02_11,
2016_02_12,
2016_02_13,
2016_02_14,
2016_02_15,
2016_02_16,
2016_02_17,
2016_02_18,
2016_02_28,
2016_02_29,
2016_03_01,
2016_03_02,
2016_03_03,13916.7377
2016_03_04,13863
2016_03_05,13834.32007
2016_03_06,13173.73396
2016_03_07,13532.36141
2016_03_08,13160
2016_03_09,
2016_03_10,
2016_03_11,
2016_03_12,
2016_03_13,13740.7906
2016_03_14,
2016_03_15,13042.75423
2016_03_16,
2016_03_17,13790.36667
2016_03_18,13689.81191
2016_03_19,13932
2016_03_20,
2016_03_21,
2016_03_22,13600.05721
2016_03_23,
2016_03_24,
2016_03_25,13657.88916
2016_03_26,13824.22537
2016_03_27,13168.19424
2016_03_28,13407
2016_03_29,13913.94612
2016_03_30,14266.59372
2016_03_31,14293.22744
2016_04_01,14371.1001
2016_04_02,14159.4736
2016_04_03,14141.71948
2016_04_04,
2016_04_05,
2016_04_06,14289.62631
2016_04_07,14614.372
2016_04_08,14593.11169
2016_04_09,14357.81567
2016_04_10,14142.97278
2016_04_11,13824.09585
2016_04_12,
2016_04_13,
2016_04_14,13554.72808
2016_04_15,
2016_04_16,14198.98851
2016_04_17,14498.90191
2016_04_18,14276.44816
2016_04_19,14709.76812
2016_04_20,14725.98275
2016_04_21,14400.39787
2016_04_22,
2016_04_23,13578.87219
2016_04_24,
2016_04_25,13550.83894
2016_04_26,13782.40688
2016_04_27,14249
2016_04_28,13637.03107
2016_04_29,
2016_04_30,14148.49041
2016_05_01,14475.26868
2016_05_02,14575.96377
2016_05_03,
2016_05_04,
2016_05_05,14317.66834
2016_05_06,14453.33367
2016_05_07,14622.36699
2016_05_08,14122.03048
2016_05_09,14252.38118
2016_05_10,14385.74725
2016_05_11,14648.94972
2016_05_12,14549.4446
2016_05_13,14567.69692
2016_05_14,
2016_05_15,
2016_05_16,13706.04006
2016_05_17,14006.48086
2016_05_18,
2016_05_19,
2016_05_20,14184.22635
2016_05_21,
2016_05_22,13301
2016_05_23,13337
2016_05_24,13471.95755
2016_05_25,13718.27633
2016_05_26,13601.7182
2016_05_27,13919.86717
2016_05_28,
2016_05_29,14194.50909
2016_05_30,14420.97125
2016_05_31,14685.91482
2016_06_01,
2016_06_02,
2016_06_03,14701.47262
2016_06_04,14890.55362
2016_06_05,15097.58276
2016_06_06,14848.40748
2016_06_07,14810.45396
2016_06_08,14411.99111
2016_06_09,
2016_06_10,
2016_06_11,13516
2016_06_12,14276.24394
2016_06_13,
2016_06_14,
2016_06_15,13854.84202
2016_06_16,13990.61765
2016_06_17,
2016_06_18,
2016_06_19,14391.22642
2016_06_20,14180.01095
2016_06_21,14252.81814
2016_06_22,
2016_06_23,
2016_06_24,13340.60165
2016_06_25,14250.03773
2016_06_26,14691.91424
2016_06_27,14751.33455
2016_06_28,14722.61276
2016_06_29,14538.55937
2016_06_30,14321.07398
2016_07_01,
2016_07_02,14476.66695
2016_07_03,14384.67779
2016_07_04,13684.55674
2016_07_05,
2016_07_06,14330.43064
2016_07_07,
2016_07_08,13945.45898
2016_07_09,
2016_07_10,
2016_07_11,13666.95745
2016_07_12,13707.22361
2016_07_13,14354.47267
2016_07_14,14579.72614
2016_07_15,14389.52462
2016_07_16,14072.98908
2016_07_17,14491.77271
2016_07_18,
2016_07_19,13996.74711
2016_07_20,14518.0984
2016_07_21,14731.79342
2016_07_22,13702.60274
2016_07_23,14295.23093
2016_07_24,14677.96012
2016_07_25,14778.73244
2016_07_26,14585.96844
2016_07_27,14687.44902
2016_07_28,14868.84018
2016_07_29,14842.87701
2016_07_30,14642.41119
2016_07_31,14481.82628
2016_08_01,14717.14032
2016_08_02,
2016_08_03,14391.76014
2016_08_04,14727.29232
2016_08_05,14607.70992
2016_08_06,14513.55535
2016_08_07,
2016_08_08,
2016_08_09,13655.65803
2016_08_10,14347.48194
2016_08_11,14690.37345
2016_08_12,14860.84746
2016_08_13,14629.94663
2016_08_14,14741.01791
2016_08_15,14751.56873
2016_08_16,14585.30407
2016_08_17,14684.08773
2016_08_18,14924.20328
2016_08_19,14945.61058
2016_08_20,15022.86034
2016_08_21,14642.2432
2016_08_22,13974.21582
2016_08_23,14550.28819
2016_08_24,14751.27577
2016_08_25,14798.19431
2016_08_26,14813.29644
2016_08_27,14625.35103
2016_08_28,14593.77606
2016_08_29,14774.81318
2016_08_30,
2016_08_31,
2016_09_01,
2016_09_02,
2016_09_03,13982.62768
2016_09_04,13997.48457
2016_09_05,14341.85988
2016_09_06,14269
2016_09_07,14184.17903
2016_09_08,14262.96176
2016_09_09,14305.59954
2016_09_10,14614.12023
2016_09_11,13493
2016_09_12,14422.59352
2016_09_13,14490.68829
2016_09_14,14550.46632
2016_09_15,14570.08346
2016_09_16,14567.78779
2016_09_17,
2016_09_18,14314.7532
2016_09_19,
2016_09_20,14208.50214
2016_09_21,14253.10598
2016_09_22,14205.80652
2016_09_23,13382.99337
2016_09_24,14118.53419
2016_09_25,14534.38679
2016_09_26,14795.93273
2016_09_27,13962.68012
2016_09_28,14406.27126
2016_09_29,
2016_09_30,14285.8865
2016_10_01,
2016_10_02,14089.92239
2016_10_03,
2016_10_04,
2016_10_05,14002.48521
2016_10_06,
2016_10_07,
2016_10_08,
2016_10_09,
2016_10_10,13956.87974
2016_10_11,14073.17945
2016_10_12,14152.49638
2016_10_13,
2016_10_14,
2016_10_15,
2016_10_16,
2016_10_17,
2016_10_18,
2016_10_19,
2016_10_20,
2016_10_21,
2016_10_22,13991.61356
2016_10_23,
2016_10_24,
2016_10_25,
2016_10_26,
2016_10_27,
2016_10_28,14014.66359
2016_10_29,12937
2016_10_30,
2016_10_31,13550.80025
2016_11_01,13374.2033
2016_11_02,
2016_11_03,
2016_11_04,14176.97506
2016_11_05,
2016_11_06,13779.26095
2016_11_07,
2016_11_08,14380.56028
2016_11_09,14079.88541
2016_11_10,14275.69327
2016_11_11,
2016_11_12,13270
2016_11_13,
2016_11_14,13581.24788
2016_11_15,13165.42857
2016_11_16,13452.46395
2016_11_17,13684.69005
2016_11_18,
2016_11_19,13895.72727
2016_11_20,
2016_11_21,13328.71633
2016_11_22,
2016_11_23,
2016_11_24,
2016_11_25,13525.85766
2016_11_26,
2016_11_27,
2016_11_28,12735.85789
2016_11_29,13174.36035
2016_11_30,12275.20541
2016_12_01,13371.62898
2016_12_02,
2016_12_03,
2016_12_04,13104.46723
2016_12_05,
2016_12_06,13387.47877
2016_12_07,13294.85753
2016_12_08,13083.41878
2016_12_09,13200.02335
2016_12_10,12643.11765
2016_12_11,
2016_12_12,12829.03076
2016_12_13,13399.78631
2016_12_14,
2016_12_15,13162.04393
2016_12_16,12957.54485
2016_12_17,12855.13683
2016_12_18,13348.23509
2016_12_19,
2016_12_20,12947.27121
2016_12_21,13633.25059
2016_12_22,
2016_12_23,12901.20632
2016_12_24,12848.68062
2016_12_25,13359.79196
2016_12_26,
2016_12_27,12902.80933
2016_12_28,13426.5471
2016_12_29,
2016_12_30,13309.05947
2016_12_31,13429.37195
2017_01_01,12661.51299
2017_01_02,12878.42769
2017_01_03,13194.2892
2017_01_04,13275.64295
2017_01_05,13367.1519
2017_01_06,13424.81008
2017_01_07,
2017_01_08,
2017_01_09,12958.86364
2017_01_10,13171.78588
2017_01_11,12793
2017_01_12,13362.69159
2017_01_13,13287.96022
2017_01_14,13749.81123
2017_01_15,13733.43154
2017_01_16,13608.10174
2017_01_17,13732.28274
2017_01_18,13390.21448
2017_01_19,
2017_01_20,
2017_01_21,13743.34531
2017_01_22,
2017_01_23,13604.42494
2017_01_24,13499.89177
2017_01_25,12878.27972
2017_01_26,13432.30083
2017_01_27,13655.46498
2017_01_28,
2017_01_29,13803.06085
2017_01_30,
2017_01_31,13192.63093
2017_02_01,13265.97803
2017_02_02,12920
2017_02_03,
2017_02_04,
2017_02_05,
2017_02_06,
2017_02_07,
2017_02_08,
2017_02_09,
2017_02_10,13142.71023
2017_02_11,13537.69466
2017_02_12,
2017_02_13,14130.73089
2017_02_14,13210.18552
2017_02_15,
2017_02_16,
2017_02_17,13440.75212
2017_02_18,
2017_02_19,
2017_02_20,
2017_02_21,12802.98234
2017_02_22,13518.02916
2017_02_23,12977.19947
2017_02_24,
2017_02_25,13057.4237
2017_02_26,
2017_02_27,
2017_02_28,13038.74943
2017_03_01,
2017_03_02,
2017_03_03,
2017_03_04,13509.61097
2017_03_05,
2017_03_06,
2017_03_07,
2017_03_08,
2017_03_09,
2017_03_10,13820.27701
2017_03_11,
2017_03_12,
2017_03_13,
2017_03_14,
2017_03_15,
2017_03_16,13652.74563
2017_03_17,
2017_03_18,
2017_03_19,13723.49101
2017_03_20,
2017_03_21,
2017_03_22,
2017_03_23,13658.02209
2017_03_24,
2017_03_25,13521.73249
2017_03_26,
2017_03_27,13368.83161
2017_03_28,
2017_03_29,
2017_03_30,13619.60995
2017_03_31,13872.06719
2017_04_01,13630.32259
2017_04_02,13627.90153
2017_04_03,13890.06583
2017_04_04,
2017_04_05,
2017_04_06,
2017_04_07,
2017_04_08,13694.80513
2017_04_09,13712.80274
2017_04_10,13711.33333
2017_04_11,
2017_04_12,
2017_04_13,
2017_04_14,13833.76827
2017_04_15,13721.87401
2017_04_16,
2017_04_17,14030.47582
2017_04_18,13520.65
2017_04_19,
2017_04_20,
2017_04_21,14105.16394
2017_04_22,13957.04087
2017_04_23,
2017_04_24,
2017_04_25,
2017_04_26,
2017_04_27,13392.1249
2017_04_28,13533.51223
2017_04_29,
2017_04_30,13485.31764
2017_05_01,
2017_05_02,13629.77592
2017_05_03,14290.7525
2017_05_04,14566.85762
2017_05_05,
2017_05_06,13773.64164
2017_05_07,14031.60284
2017_05_08,14191.51824
2017_05_09,13861.55509
2017_05_10,14456.80624
2017_05_11,
2017_05_12,13950.77458
2017_05_13,13137.80788
2017_05_14,
2017_05_15,
2017_05_16,12558.41738
2017_05_17,13527.27494
2017_05_18,14077.26487
2017_05_19,14436.85793
2017_05_20,13964.92754
2017_05_21,14482.92177
2017_05_22,14692.23551
2017_05_23,14730.9651
2017_05_24,13917.14602
2017_05_25,14217.14792
2017_05_26,14497.70939
2017_05_27,14661.62568
2017_05_28,14797.18758
2017_05_29,14749.12278
2017_05_30,
2017_05_31,14504.72596
2017_06_01,
2017_06_02,14375.15225
2017_06_03,
2017_06_04,13804.13264
2017_06_05,14381.34353
2017_06_06,14637.46173
2017_06_07,
2017_06_08,
2017_06_09,13763.41477
2017_06_10,
2017_06_11,14274.38086
2017_06_12,13579.00859
2017_06_13,13648.46222
2017_06_14,13841
2017_06_15,
2017_06_16,
2017_06_17,14057.83758
2017_06_18,13687.10994
2017_06_19,14743.88004
2017_06_20,14415.23624
2017_06_21,14361.90339
2017_06_22,14565.74114
2017_06_23,14714.93132
2017_06_24,15021.32496
2017_06_25,15068.36293
2017_06_26,
2017_06_27,14390.43391
2017_06_28,13833.63868
2017_06_29,14636.3543
2017_06_30,14832.58459
2017_07_01,14599.18665
2017_07_02,14590.96264
2017_07_03,14444.83829
2017_07_04,14525.43279
2017_07_05,14818.95314
2017_07_06,14893.96893
2017_07_07,14545.15744
2017_07_08,14763.3001
2017_07_09,14595.76707
2017_07_10,14541.70968
2017_07_11,14495.77608
2017_07_12,14625.41868
2017_07_13,14490.23813
2017_07_14,14696.39808
2017_07_15,14660.13059
2017_07_16,14246.9623
2017_07_17,14550.59051
2017_07_18,14695.3815
2017_07_19,14663.97628
2017_07_20,14280.3514
2017_07_21,14596.02365
2017_07_22,14769.10123
2017_07_23,14491.77843
2017_07_24,14757.64223
2017_07_25,14765.24571
2017_07_26,14861.99448
2017_07_27,14556.70954
2017_07_28,14653.41899
2017_07_29,14703.68995
2017_07_30,14696.71214
2017_07_31,14828.23579
2017_08_01,14906.74484
2017_08_02,15090.65466
2017_08_03,15118.26244
2017_08_04,15021.07276
2017_08_05,14866.67525
2017_08_06,14917.77092
2017_08_07,14952.87907
2017_08_08,14903.5583
2017_08_09,15045.84298
2017_08_10,15010.5855
2017_08_11,14725.11711
2017_08_12,14684.80358
2017_08_13,13732.96181
2017_08_14,14226.41389
2017_08_15,14506.06693
2017_08_16,14647.53146
2017_08_17,14473.37132
2017_08_18,14611.05657
2017_08_19,14343.04061
2017_08_20,14067.6712
2017_08_21,14761.51189
2017_08_22,14852.99559
2017_08_23,14764.82889
2017_08_24,14241.72727
2017_08_25,14563.46802
2017_08_26,14757.46935
2017_08_27,14927.0033
2017_08_28,15060.94143
2017_08_29,15002.37011
2017_08_30,14522.45531
2017_08_31,14512.05217
2017_09_01,14852.63565
2017_09_02,14985.05318
2017_09_03,14833.54697
2017_09_04,14922.58807
2017_09_05,15133.62526
2017_09_06,14934.62864
2017_09_07,
2017_09_08,14395.95725
2017_09_09,
2017_09_10,14328.59256
2017_09_11,14772.92094
2017_09_12,14663.6236
2017_09_13,
2017_09_14,14357.84782
2017_09_15,14528.82551
2017_09_16,
2017_09_17,
2017_09_18,
2017_09_19,
2017_09_20,
2017_09_21,
2017_09_22,14181.94036
2017_09_23,14217.20481
2017_09_24,14295.72589
2017_09_25,
2017_09_26,14442.40118
2017_09_27,14646.49896
2017_09_28,14780.76062
2017_09_29,
2017_09_30,14128
2017_10_01,13416.83071
2017_10_02,13517.06815
2017_10_03,14249.77091
2017_10_04,14037.20568
2017_10_05,14401.56083
2017_10_06,14333.53416
2017_10_07,
2017_10_08,13892.81312
2017_10_09,13948.06199
2017_10_10,
2017_10_11,13729.25949
2017_10_12,
2017_10_13,
2017_10_14,13861.1136
2017_10_15,14235.58536
2017_10_16,14307.22552
2017_10_17,
2017_10_18,
2017_10_19,
2017_10_20,
2017_10_21,
2017_10_22,
2017_10_23,14000.86565
2017_10_24,14450.17113
2017_10_25,
2017_10_26,14183.46126
2017_10_27,14448.95902
2017_10_28,14529.58547
2017_10_29,14305.96086
2017_10_30,14132.62276
2017_10_31,14248.53521
2017_11_01,
2017_11_02,
2017_11_03,
2017_11_04,
2017_11_05,
2017_11_06,13721.025
2017_11_07,
2017_11_08,13259.8363
2017_11_09,
2017_11_10,13082.8953
2017_11_11,
2017_11_12,
2017_11_13,13182.94718
2017_11_14,
2017_11_15,
2017_11_16,12636.25
2017_11_17,13216.94656
2017_11_18,13328.06905
2017_11_19,
2017_11_20,12797.88147
2017_11_21,
2017_11_22,13081.38496
2017_11_23,
2017_11_24,
2017_11_25,
2017_11_26,
2017_11_27,13486.71439
2017_11_28,
2017_11_29,13643.52208
2017_11_30,
2017_12_01,
2017_12_02,
2017_12_03,13431.85084
2017_12_04,13169.02049
2017_12_05,13703.59484
2017_12_06,13920.496
2017_12_07,14105.63162
2017_12_08,13910.31473
2017_12_09,14114.49521
2017_12_10,14082.22932
2017_12_11,14104.37145
2017_12_12,
2017_12_13,13904.95252
2017_12_14,13815.00372
2017_12_15,
2017_12_16,
2017_12_17,
2017_12_18,
2017_12_19,
2017_12_20,13488.98306
2017_12_21,13044.46657
2017_12_22,
2017_12_23,13400.62369
2017_12_24,
2017_12_25,12839.18759
2017_12_26,13456.74463
2017_12_27,
2017_12_28,
2017_12_29,
2017_12_30,13508.94992
2017_12_31,13523.327
2018_01_01,13701.7186
2018_01_02,
2018_01_03,14017.99819
2018_01_04,12928.58045
2018_01_05,13405.45302
2018_01_06,
2018_01_07,12790.07348
2018_01_08,
2018_01_09,12928.32552
2018_01_10,
2018_01_11,
2018_01_12,13116.69811
2018_01_13,13890.70061
2018_01_14,14121.45545
2018_01_15,13984.57932
2018_01_16,13719.062
2018_01_17,
2018_01_18,
2018_01_19,
2018_01_20,
2018_01_21,
2018_01_22,12896
2018_01_23,
2018_01_24,
2018_01_25,
2018_01_26,
2018_01_27,
2018_01_28,
2018_01_29,
2018_01_30,13619.87742
2018_01_31,
2018_02_01,12912.83665
2018_02_02,12627.79364
2018_02_03,13632.86332
2018_02_04,13190.83719
2018_02_05,13437.91606
2018_02_06,13500.32565
2018_02_07,13774.8
2018_02_08,
2018_02_09,13373.75907
2018_02_10,13549.26412
2018_02_11,13578.28433
2018_02_12,13597.77279
2018_02_13,13855.31976
2018_02_14,13084.43001
2018_02_15,
2018_02_16,12923.57585
2018_02_17,
2018_02_18,
2018_02_19,12283
2018_02_20,
2018_02_21,12968.53974
2018_02_22,12341.18218
2018_02_23,
2018_02_24,13112.97885
2018_02_25,
2018_02_26,13320.77219
2018_02_27,
2018_02_28,
2018_03_01,13610.01429
2018_03_02,13337.42064
2018_03_03,13628.42256
2018_03_04,
2018_03_05,13181.90919
2018_03_06,13674.63707
2018_03_07,
2018_03_08,
2018_03_09,13255.12131
2018_03_10,13821.04738
2018_03_11,14108.43914
2018_03_12,13788.48054
2018_03_13,
2018_03_14,13485.09551
2018_03_15,13673.51845
2018_03_16,13732.36331
2018_03_17,13786.84443
2018_03_18,
2018_03_19,13790.95294
2018_03_20,13924.35757
2018_03_21,13988.48627
2018_03_22,
2018_03_23,13644.5
2018_03_24,
2018_03_25,
2018_03_26,
2018_03_27,
2018_03_28,
2018_03_29,13960.9488
2018_03_30,13574.30442
2018_03_31,13429.41132
2018_04_01,
2018_04_02,13482.06611
2018_04_03,13173.27432
2018_04_04,
2018_04_05,
2018_04_06,14062.05968
2018_04_07,
2018_04_08,
2018_04_09,13683.37816
2018_04_10,
2018_04_11,
2018_04_12,
2018_04_13,
2018_04_14,
2018_04_15,
2018_04_16,
2018_04_17,12707.11688
2018_04_18,
2018_04_19,14074.90918
2018_04_20,14134.47267
2018_04_21,13705.70648
2018_04_22,14027.04221
2018_04_23,14139.88113
2018_04_24,14156.00342
2018_04_25,14043.9438
2018_04_26,14639.28094
2018_04_27,14154.40366
2018_04_28,
2018_04_29,13493.66609
2018_04_30,13439.24137
2018_05_01,13584.6528
2018_05_02,14232.75043
2018_05_03,14248.07393
2018_05_04,14075.35574
2018_05_05,
2018_05_06,13898.23793
2018_05_07,14316.91129
2018_05_08,14176.45303
2018_05_09,
2018_05_10,14135.07451
2018_05_11,13775.92756
2018_05_12,14403.22323
2018_05_13,14635.94959
2018_05_14,14691.52044
2018_05_15,14600.58688
2018_05_16,13817.55173
2018_05_17,13764.02927
2018_05_18,
2018_05_19,14023.00415
2018_05_20,
2018_05_21,14160.84413
2018_05_22,14642.61939
2018_05_23,14583.00012
2018_05_24,14494.37963
2018_05_25,13677.32862
2018_05_26,
2018_05_27,14295.76107
2018_05_28,14250.98389
2018_05_29,
2018_05_30,
2018_05_31,
2018_06_01,14006.41292
2018_06_02,14490.55181
2018_06_03,
2018_06_04,14097.93923
2018_06_05,14151.03226
2018_06_06,14179.2757
2018_06_07,
2018_06_08,
2018_06_09,
2018_06_10,
2018_06_11,14145.96502
2018_06_12,
2018_06_13,13400
2018_06_14,13673.56042
2018_06_15,13723.92571
2018_06_16,14349.63054
2018_06_17,14570.75881
2018_06_18,14638.61575
2018_06_19,14705.28535
2018_06_20,14583.90424
2018_06_21,14293.25572
2018_06_22,14226.94274
2018_06_23,13768.18351
2018_06_24,14761.85014
2018_06_25,13946.83884
2018_06_26,14187.23904
2018_06_27,14489.90103
2018_06_28,13651
2018_06_29,14525.61686
2018_06_30,
2018_07_01,14177.76732
2018_07_02,14151.89821
2018_07_03,14277.11475
2018_07_04,
2018_07_05,14744.34792
2018_07_06,14540.06945
2018_07_07,14363.60941
2018_07_08,14711.60992
2018_07_09,14660.19971
2018_07_10,
2018_07_11,14691.31916
2018_07_12,14840.59197
2018_07_13,14920.56302
2018_07_14,14828.67935
2018_07_15,14949.49519
2018_07_16,14950.68408
2018_07_17,14872.29877
2018_07_18,14686.4645
2018_07_19,14364.74222
2018_07_20,14421.36952
2018_07_21,14482.37545
2018_07_22,14838.68176
2018_07_23,14911.70837
2018_07_24,14868.3625
2018_07_25,14952.72956
2018_07_26,14898.13061
2018_07_27,14930.76185
2018_07_28,14813.96415
2018_07_29,15091.8542
2018_07_30,15040.73568
2018_07_31,14878.53316
2018_08_01,
2018_08_02,14454.28314
2018_08_03,13944.45713
2018_08_04,14592.47006
2018_08_05,14830.36154
2018_08_06,14860.80511
2018_08_07,14985.60436
2018_08_08,15109.22897
2018_08_09,14967.05259
2018_08_10,14917.00818
2018_08_11,
2018_08_12,14354.40109
2018_08_13,14759.17773
2018_08_14,14973.89534
2018_08_15,14902.9598
2018_08_16,14701.19011
2018_08_17,14564.53501
2018_08_18,14671.20479
2018_08_19,14813.07687
2018_08_20,14705.52881
2018_08_21,14915.46758
2018_08_22,14868.45342
2018_08_23,14537.41849
2018_08_24,14195.59582
2018_08_25,
2018_08_26,
2018_08_27,14035.36075
2018_08_28,14683.60414
2018_08_29,14649.67191
2018_08_30,13613
2018_08_31,14309.74635
2018_09_01,14329.22974
2018_09_02,14528.11461
2018_09_03,14390.60437
2018_09_04,14542.4673
2018_09_05,14777.42879
2018_09_06,14833.53597
2018_09_07,14743.01063
2018_09_08,
2018_09_09,14468.61498
2018_09_10,
2018_09_11,14355.98739
2018_09_12,
2018_09_13,14338.8616
2018_09_14,13792.62802
2018_09_15,
2018_09_16,
2018_09_17,14035.81814
2018_09_18,14296.85031
2018_09_19,14268.27318
2018_09_20,14272.82181
2018_09_21,14404.03486
2018_09_22,
2018_09_23,13810.09459
2018_09_24,14281.61411
2018_09_25,14369.06719
2018_09_26,14586.48474
2018_09_27,14656.05523
2018_09_28,14663.93633
2018_09_29,14271.41844
2018_09_30,
2018_10_01,14221
2018_10_02,13722.61956
2018_10_03,
2018_10_04,14172.18624
2018_10_05,
2018_10_06,13503.97679
2018_10_07,13141.66994
2018_10_08,
2018_10_09,13576.1242
2018_10_10,14108.33612
2018_10_11,14158.82518
2018_10_12,14260.2013
2018_10_13,14096.11302
2018_10_14,14244.89976
2018_10_15,14478.86555
2018_10_16,14587.48695
2018_10_17,14547.33036
2018_10_18,14460.28359
2018_10_19,14565.04424
2018_10_20,14486.16908
2018_10_21,14497.08696
2018_10_22,14493.58194
2018_10_23,
2018_10_24,
2018_10_25,
2018_10_26,
2018_10_27,14155.57448
2018_10_28,13929
2018_10_29,
2018_10_30,13844.31353
2018_10_31,
2018_11_01,
2018_11_02,13066.59637
2018_11_03,
2018_11_04,13444.77273
2018_11_05,13165.10031
2018_11_06,13232.68682
2018_11_07,13655.55981
2018_11_08,13857.20089
2018_11_09,13342.10145
2018_11_10,13710.87276
2018_11_11,13897.58454
2018_11_12,13824.85135
2018_11_13,14091.71682
2018_11_14,
2018_11_15,13877.42736
2018_11_16,13811.45107
2018_11_17,13874.45579
2018_11_18,13999.3547
2018_11_19,14123.03891
2018_11_20,14131.99421
2018_11_21,
2018_11_22,
2018_11_23,
2018_11_24,13253.19225
2018_11_25,13520.52428
2018_11_26,
2018_11_27,13270
2018_11_28,
2018_11_29,13482.02106
2018_11_30,13258.65866
2018_12_01,13355.0507
2018_12_02,13563.78767
2018_12_03,13576.53256
2018_12_04,13633.63411
2018_12_05,13681.81558
2018_12_06,13624.29037
2018_12_07,13484.4358
2018_12_08,13729.74318
2018_12_09,
2018_12_10,13288.8113
2018_12_11,
2018_12_12,
2018_12_13,13533.85194
2018_12_14,
2018_12_15,13503.85474
2018_12_16,
2018_12_17,13089.28311
2018_12_18,12934.3871
2018_12_19,13329.04352
2018_12_20,12206.42857
2018_12_21,
2018_12_22,12977
2018_12_23,12999
2018_12_24,13401.76932
2018_12_25,13488.48749
2018_12_26,
2018_12_27,13450.66763
2018_12_28,
2018_12_29,
2018_12_30,13345.26008
2018_12_31,13425.4451
2019_01_01,13522.57062
2019_01_02,13527.74994
2019_01_03,
2019_01_04,13390.17503
2019_01_05,
2019_01_06,
2019_01_07,13402.62999
2019_01_08,
2019_01_09,
2019_01_10,13194.20766
2019_01_11,13797.52983
2019_01_12,13757.19783
2019_01_13,14003.04644
2019_01_14,14050.85387
2019_01_15,13588.46503
2019_01_16,13760.92342
2019_01_17,
2019_01_18,
2019_01_19,
2019_01_20,
2019_01_21,13614.1403
2019_01_22,
2019_01_23,13322.94685
2019_01_24,13661.43332
2019_01_25,13561.78279
2019_01_26,13847.4294
2019_01_27,13993.545
2019_01_28,
2019_01_29,13929.47871
2019_01_30,13958.69135
2019_01_31,14027.43152
2019_02_01,
2019_02_02,13772.07957
2019_02_03,12823.71458
2019_02_04,
2019_02_05,12869.70351
2019_02_06,13112.59914
2019_02_07,13048.73131
2019_02_08,
2019_02_09,
2019_02_10,12933.91933
2019_02_11,
2019_02_12,
2019_02_13,13416.37122
2019_02_14,
2019_02_15,
2019_02_16,13178.56197
2019_02_17,13165.42783
2019_02_18,13203.68527
2019_02_19,13065.81664
2019_02_20,13292.19397
2019_02_21,13494.76614
2019_02_22,
2019_02_23,13501.5
2019_02_24,
2019_02_25,
2019_02_26,13354.49441
2019_02_27,13558
2019_02_28,13557.07097
2019_03_01,13729.53428
2019_03_02,13602.2907
2019_03_03,13499.08035
2019_03_04,13460.19325
2019_03_05,13605.05527
2019_03_06,
2019_03_07,
2019_03_08,
2019_03_09,13504.90489
2019_03_10,13634.60172
2019_03_11,13402
2019_03_12,
2019_03_13,13508.22419
2019_03_14,
2019_03_15,13907.5332
2019_03_16,13897.17603
2019_03_17,14155.74642
2019_03_18,14228.54026
2019_03_19,14269.18073
2019_03_20,14282.02098
2019_03_21,14035.2682
2019_03_22,14117.83031
2019_03_23,
2019_03_24,
2019_03_25,
2019_03_26,13868.28387
2019_03_27,
2019_03_28,13947.84413
2019_03_29,14043.80109
2019_03_30,14059.22998
2019_03_31,14148.33078
2019_04_01,
2019_04_02,
2019_04_03,
2019_04_04,13967.29427
2019_04_05,
2019_04_06,
2019_04_07,13443.08507
2019_04_08,13937
2019_04_09,13387.9682
2019_04_10,
2019_04_11,
2019_04_12,13684.22113
2019_04_13,
2019_04_14,
2019_04_15,13623.23076
2019_04_16,
2019_04_17,13797.56114
2019_04_18,
2019_04_19,
2019_04_20,13529.36284
2019_04_21,13973.02402
2019_04_22,
2019_04_23,
2019_04_24,14042.5439
2019_04_25,13917
2019_04_26,14111.57444
2019_04_27,13826
2019_04_28,13975.38885
2019_04_29,13953.06991
2019_04_30,14062.77541
2019_05_01,14103.66603
2019_05_02,13933.28939
2019_05_03,13920.55027
2019_05_04,14255.83253
2019_05_05,14325.88202
2019_05_06,14536.26148
2019_05_07,14328.06515
2019_05_08,14390.32477
2019_05_09,14540.39657
2019_05_10,14698.03323
2019_05_11,14733.56778
2019_05_12,14200.65277
2019_05_13,
2019_05_14,
2019_05_15,
2019_05_16,
2019_05_17,13379.24831
2019_05_18,14233.07551
2019_05_19,
2019_05_20,
2019_05_21,
2019_05_22,14309.42239
2019_05_23,14449.50969
2019_05_24,13534.88088
2019_05_25,
2019_05_26,
2019_05_27,
2019_05_28,14312.64295
2019_05_29,14469.2035
2019_05_30,14451.5235
2019_05_31,14635.74749
2019_06_01,14596.28883
2019_06_02,14524.97437
2019_06_03,14445.18529
2019_06_04,14316.34183
2019_06_05,
2019_06_06,
2019_06_07,
2019_06_08,13622.29988
2019_06_09,
2019_06_10,14508.68932
2019_06_11,14768.09599
2019_06_12,14754.75296
2019_06_13,14736.93771
2019_06_14,13844.91975
2019_06_15,14471.95193
2019_06_16,14392.24877
2019_06_17,14547.33469
2019_06_18,
2019_06_19,13601.00417
2019_06_20,
2019_06_21,13746.8636
2019_06_22,14281.33783
2019_06_23,13620.3008
2019_06_24,14132.7883
2019_06_25,14220.51126
2019_06_26,14455.39217
2019_06_27,
2019_06_28,14180.91992
2019_06_29,14267.44019
2019_06_30,14585.55406
2019_07_01,14608.46994
2019_07_02,13586.50323
2019_07_03,13878.80887
2019_07_04,13900.56392
2019_07_05,14327.49605
2019_07_06,13745.96268
2019_07_07,13781.10087
2019_07_08,14304.82855
2019_07_09,
2019_07_10,
2019_07_11,
2019_07_12,
2019_07_13,14461.99044
2019_07_14,14630.71139
2019_07_15,
2019_07_16,13680.84494
2019_07_17,
2019_07_18,13717.28313
2019_07_19,14259.75368
2019_07_20,14575.83866
2019_07_21,14919.1054
2019_07_22,14710.74941
2019_07_23,14682.02691
2019_07_24,14432.25037
2019_07_25,14765.24288
2019_07_26,14820.7622
2019_07_27,
2019_07_28,14634.90556
2019_07_29,14624.89704
2019_07_30,14596.35889
2019_07_31,14652.13381
2019_08_01,14819.45288
2019_08_02,
2019_08_03,14530.46938
2019_08_04,14855.54205
2019_08_05,14813.93884
2019_08_06,14920.83887
2019_08_07,14773.45434
2019_08_08,14846.34565
2019_08_09,14469.46728
2019_08_10,
2019_08_11,13937.04898
2019_08_12,14417.74627
2019_08_13,14738.34679
2019_08_14,14465.30701
2019_08_15,14558.23289
2019_08_16,14105.34141
2019_08_17,14357.11318
2019_08_18,14577.58832
2019_08_19,14569.17427
2019_08_20,14434.33066
2019_08_21,
2019_08_22,14184.68819
2019_08_23,14285.97037
2019_08_24,14499.62152
2019_08_25,14337.67672
2019_08_26,14625.87872
2019_08_27,14881.90606
2019_08_28,14711.04159
2019_08_29,
2019_08_30,14419.3098
2019_08_31,14630.67027
2019_09_01,14502.18107
2019_09_02,14596.74016
2019_09_03,14664.72472
2019_09_04,14559.28385
2019_09_05,14809.52438
2019_09_06,14607.63437
2019_09_07,14594.10992
2019_09_08,14215.54614
2019_09_09,
2019_09_10,14180.36364
2019_09_11,
2019_09_12,14492.00594
2019_09_13,
2019_09_14,
2019_09_15,
2019_09_16,14193.34047
2019_09_17,
2019_09_18,
2019_09_19,13642.855
2019_09_20,
2019_09_21,14399.46881
2019_09_22,
2019_09_23,
2019_09_24,14214.13499
2019_09_25,14095.15122
2019_09_26,14224.40322
2019_09_27,13966.72804
2019_09_28,13852.23128
2019_09_29,
2019_09_30,13777.61029
2019_10_01,13998.88322
2019_10_02,14070.83045
2019_10_03,13980.16976
2019_10_04,13720.71544
2019_10_05,13496.04785
2019_10_06,14194.71701
2019_10_07,
2019_10_08,
2019_10_09,13789.59412
2019_10_10,13957.27193
2019_10_11,14067.31702
2019_10_12,
2019_10_13,13523.12093
2019_10_14,13980.22879
2019_10_15,
2019_10_16,
2019_10_17,
2019_10_18,
2019_10_19,
2019_10_20,
2019_10_21,
2019_10_22,13969.09399
2019_10_23,14042.00583
2019_10_24,14272.19712
2019_10_25,
2019_10_26,13813.74417
2019_10_27,13868.0869
2019_10_28,13819.29968
2019_10_29,13664.83165
2019_10_30,13977.78441
2019_10_31,
2019_11_01,14099.42341
2019_11_02,14151.79483
2019_11_03,13911.97597
2019_11_04,14122.65318
2019_11_05,14200.7064
2019_11_06,14082.84017
2019_11_07,
2019_11_08,14089.60533
2019_11_09,
2019_11_10,13772.96163
2019_11_11,13946.22463
2019_11_12,
2019_11_13,14064.81733
2019_11_14,
2019_11_15,
2019_11_16,13402.41915
2019_11_17,13549.10324
2019_11_18,
2019_11_19,13318.33143
2019_11_20,13772.80767
2019_11_21,13979.40621
2019_11_22,13864.79663
2019_11_23,
2019_11_24,13700.99916
2019_11_25,
2019_11_26,
2019_11_27,13401.3663
2019_11_28,13575.44515
2019_11_29,13536.91202
2019_11_30,13576.25635
2019_12_01,
2019_12_02,12924.33585
2019_12_03,13410.22124
2019_12_04,
2019_12_05,13886.93868
2019_12_06,13730
2019_12_07,
2019_12_08,13585.07914
2019_12_09,13735.29939
2019_12_10,13578.35571
2019_12_11,
2019_12_12,
2019_12_13,13101.1853
2019_12_14,12692.5
2019_12_15,12899.95989
2019_12_16,12924.30948
2019_12_17,
2019_12_18,
2019_12_19,
2019_12_20,
2019_12_21,
2019_12_22,
2019_12_23,13314.29679
2019_12_24,12958.87844
2019_12_25,12932.85599
2019_12_26,
2019_12_27,
2019_12_28,13688.7712
2019_12_29,13834.21347
2019_12_30,
2019_12_31,
2020_01_01,12868.13926
2020_01_02,12575
2020_01_03,
2020_01_04,13364.40481
2020_01_05,
2020_01_06,
2020_01_07,
2020_01_08,12866.91996
2020_01_09,12818.6645
2020_01_10,
2020_01_11,
2020_01_12,
2020_01_13,12541.5619
2020_01_14,
2020_01_15,
2020_01_16,13326.0374
2020_01_17,13244.72903
2020_01_18,
2020_01_19,13752.71755
2020_01_20,
2020_01_21,
2020_01_22,12714.5
2020_01_23,
2020_01_24,12957.8113
2020_01_25,13589.22878
2020_01_26,13554.60304
2020_01_27,13484.69374
2020_01_28,13050.77504
2020_01_29,
2020_01_30,13501.79422
2020_01_31,
2020_02_01,
2020_02_02,13501.4332
2020_02_03,12925.62062
2020_02_04,
2020_02_05,
2020_02_06,
2020_02_07,
2020_02_08,12729.6993
2020_02_09,13503.56659
2020_02_10,13659.80024
2020_02_11,13437.93235
2020_02_12,13605.82576
2020_02_13,
2020_02_14,13504.90325
2020_02_15,
2020_02_16,12657
2020_02_17,13524.17802
2020_02_18,13540.04272
2020_02_19,13695.16508
2020_02_20,13753.74972
2020_02_21,13823.29556
2020_02_22,12787.01982
2020_02_23,
2020_02_24,13107.62264
2020_02_25,13729.89147
2020_02_26,13370.64871
2020_02_27,13941.94393
2020_02_28,13975.33595
2020_02_29,
2020_03_01,13259.40512
2020_03_02,
2020_03_03,13601.41652
2020_03_04,13726.29232
2020_03_05,13789.02875
2020_03_06,13085.21431
2020_03_07,
2020_03_08,13455.93714
2020_03_09,13634.04181
2020_03_10,
2020_03_11,13640.66741
2020_03_12,13723.26382
2020_03_13,
2020_03_14,
2020_03_15,13437.29893
2020_03_16,13984.31345
2020_03_17,
2020_03_18,13942.24675
2020_03_19,14022.07736
2020_03_20,14082.03928
2020_03_21,13958.82427
2020_03_22,13434.21561
2020_03_23,13851
2020_03_24,13207.49202
2020_03_25,
2020_03_26,12934.87895
2020_03_27,
2020_03_28,
2020_03_29,13182.92925
2020_03_30,
2020_03_31,13396.14693
2020_04_01,13384.42786
2020_04_02,13444.91694
2020_04_03,12932.4542
2020_04_04,13457.52377
2020_04_05,13235
2020_04_06,14100.25811
2020_04_07,13954.49832
2020_04_08,14190.77095
2020_04_09,14273.14733
2020_04_10,14213.06601
2020_04_11,13383.28108
2020_04_12,14043.16444
2020_04_13,14094.90445
2020_04_14,14168.8044
2020_04_15,13978.50465
2020_04_16,14160.60497
2020_04_17,14312.30784
2020_04_18,
2020_04_19,13681.92288
2020_04_20,14173.72131
2020_04_21,13944.91828
2020_04_22,
2020_04_23,13467.9605
2020_04_24,
2020_04_25,14082.24698
2020_04_26,14111.995
2020_04_27,14101.22245
2020_04_28,
2020_04_29,
2020_04_30,14028
2020_05_01,14160.49507
2020_05_02,
2020_05_03,13644.15346
2020_05_04,13733.50295
2020_05_05,14098.65668
2020_05_06,13703.80598
2020_05_07,14221.57649
2020_05_08,14443.29633
2020_05_09,14578.14259
2020_05_10,14249.90707
2020_05_11,13653.28571
2020_05_12,
2020_05_13,13403.61905
2020_05_14,13925.32279
2020_05_15,13605.06873
2020_05_16,
2020_05_17,14164.34201
2020_05_18,
2020_05_19,13609.5998
2020_05_20,13592.29918
2020_05_21,13130
2020_05_22,
2020_05_23,13629.03808
2020_05_24,14059.10384
2020_05_25,
2020_05_26,
2020_05_27,14502.76974
2020_05_28,14400.50031
2020_05_29,14736.46415
2020_05_30,
2020_05_31,13588.0162
2020_06_01,14210.86236
2020_06_02,
2020_06_03,13993.6599
2020_06_04,13627.72076
2020_06_05,
2020_06_06,14012.25609
2020_06_07,
2020_06_08,
2020_06_09,
2020_06_10,14260.09869
2020_06_11,
2020_06_12,
2020_06_13,
2020_06_14,13663.62329
2020_06_15,
2020_06_16,13589.03365
2020_06_17,13960.14281
2020_06_18,14501.29601
2020_06_19,14559.4921
2020_06_20,
2020_06_21,14349.05721
2020_06_22,14587.56462
2020_06_23,14853.21482
2020_06_24,14112.39614
2020_06_25,14645.39237
2020_06_26,14648.42744
2020_06_27,14072.2502
2020_06_28,
2020_06_29,14461.5127
2020_06_30,
2020_07_01,
2020_07_02,
2020_07_03,14071.84161
2020_07_04,14147.28846
2020_07_05,14455.82593
2020_07_06,14379.74502
2020_07_07,
2020_07_08,13851.27915
2020_07_09,
2020_07_10,14478.98083
2020_07_11,14460.31282
2020_07_12,14221.93193
2020_07_13,14411.69193
2020_07_14,14639.23642
2020_07_15,14643.73287
2020_07_16,14677.38472
2020_07_17,14337.65776
2020_07_18,14654.2097
2020_07_19,14752.7115
2020_07_20,14881.63987
2020_07_21,14846.44619
2020_07_22,14571.04175
2020_07_23,14559.2643
2020_07_24,13747.84626
2020_07_25,14598.88477
2020_07_26,14917.30029
2020_07_27,15164.4696
2020_07_28,14868.65729
2020_07_29,14946.82687
2020_07_30,15011.38791
2020_07_31,14815.307
2020_08_01,14567.46031
2020_08_02,13870.40182
2020_08_03,14552.31071
2020_08_04,14713.59914
2020_08_05,14739.41581
2020_08_06,13714.6094
2020_08_07,14415.62418
2020_08_08,14403.2896
2020_08_09,14532.30375
2020_08_10,14802.12483
2020_08_11,14578.14522
2020_08_12,14212.9419
2020_08_13,14430.65507
2020_08_14,14591.71206
2020_08_15,14989.65419
2020_08_16,14927.26774
2020_08_17,15039.50357
2020_08_18,14723.71334
2020_08_19,14849.01312
2020_08_20,
2020_08_21,
2020_08_22,14453.0308
2020_08_23,14506.69676
2020_08_24,14570.91621
2020_08_25,14528.13833
2020_08_26,14631.76216
2020_08_27,14570.84921
2020_08_28,14703.16827
2020_08_29,14355.91792
2020_08_30,14444.59796
2020_08_31,14035.96392
2020_09_01,14627.95614
2020_09_02,14788.78973
2020_09_03,14804.87246
2020_09_04,15000.42986
2020_09_05,14475.66715
2020_09_06,14710.58341
2020_09_07,14654.33438
2020_09_08,14588.72707
2020_09_09,14870.04486
2020_09_10,14984.50095
2020_09_11,14773.90886
2020_09_12,14357.7823
2020_09_13,14736.10451
2020_09_14,
2020_09_15,
2020_09_16,14620.79775
2020_09_17,14567.94793
2020_09_18,
2020_09_19,
2020_09_20,14400.80599
2020_09_21,
2020_09_22,14313.41567
2020_09_23,
2020_09_24,
2020_09_25,
2020_09_26,
2020_09_27,14263.3662
2020_09_28,14672.83237
2020_09_29,14847.22338
2020_09_30,14726.55616
2020_10_01,14720.56873
2020_10_02,14749.90704
2020_10_03,14661.52904
2020_10_04,14444.74808
2020_10_05,14497.31186
2020_10_06,14652.52635
2020_10_07,14587.36125
2020_10_08,
2020_10_09,
2020_10_10,
2020_10_11,
2020_10_12,14140.15432
2020_10_13,
2020_10_14,13969.26978
2020_10_15,14051.92204
2020_10_16,13860.77778
2020_10_17,13935.97103
2020_10_18,13491.13911
2020_10_19,13687.68567
2020_10_20,13943.56479
2020_10_21,13862.81061
2020_10_22,13761.6106
2020_10_23,
2020_10_24,13706.86233
2020_10_25,13669.30857
2020_10_26,13880.68695
2020_10_27,13957.86751
2020_10_28,14233.86038
2020_10_29,14166.75315
2020_10_30,13730.60501
2020_10_31,13864.98954
2020_11_01,14398.58478
2020_11_02,14439.41842
2020_11_03,
2020_11_04,
2020_11_05,
2020_11_06,13184.44514
2020_11_07,13207.74608
2020_11_08,13338.44795
2020_11_09,
2020_11_10,
2020_11_11,13225.75759
2020_11_12,13509.78775
2020_11_13,
2020_11_14,
2020_11_15,
2020_11_16,
2020_11_17,13145.41757
2020_11_18,
2020_11_19,
2020_11_20,13478.33461
2020_11_21,13761.34974
2020_11_22,
2020_11_23,13572.39898
2020_11_24,
2020_11_25,13055.93827
2020_11_26,13294.87689
2020_11_27,13606.11363
2020_11_28,13719.31991
2020_11_29,13940.00274
2020_11_30,13429.08341
2020_12_01,13632.45146
2020_12_02,14067.21183
2020_12_03,13126
2020_12_04,14017.06678
2020_12_05,14021.22679
2020_12_06,13775.37173
2020_12_07,14066.04654
2020_12_08,
2020_12_09,13177.88235
2020_12_10,13477
2020_12_11,
2020_12_12,13564.68404
2020_12_13,13264.61951
2020_12_14,13306.57811
2020_12_15,12507.21546
2020_12_16,
2020_12_17,13255.13469
2020_12_18,
2020_12_19,
2020_12_20,
2020_12_21,13409.3115
2020_12_22,13300.76526
2020_12_23,13503.80577
2020_12_24,13755.8268
2020_12_25,
2020_12_26,13260
2020_12_27,
2020_12_28,13681.35773
2020_12_29,
2020_12_30,
2020_12_31,13215.76347
2021_01_01,
2021_01_02,
2021_01_03,12623
2021_01_04,
2021_01_05,
2021_01_06,12976.1239
2021_01_07,
2021_01_08,
2021_01_09,13646.05418
2021_01_10,13834.23325
2021_01_11,
2021_01_12,
2021_01_13,13762.54092
2021_01_14,13775.27505
2021_01_15,13641.24329
2021_01_16,13590.07269
2021_01_17,13642.55521
2021_01_18,13682.25057
2021_01_19,
2021_01_20,
2021_01_21,13029.28596
2021_01_22,12736.54213
2021_01_23,13573.78672
2021_01_24,
2021_01_25,12763.38899
2021_01_26,
2021_01_27,13392.04223
2021_01_28,
2021_01_29,13545.54852
2021_01_30,
2021_01_31,
2021_02_01,
2021_02_02,
2021_02_03,13207.71254
2021_02_04,
2021_02_05,13502.10701
2021_02_06,12860.76582
2021_02_07,
2021_02_08,13053
2021_02_09,13461.18958
2021_02_10,13091.32486
2021_02_11,
2021_02_12,
2021_02_13,
2021_02_14,
2021_02_15,
2021_02_16,13002.3475
2021_02_17,13504.2805
2021_02_18,
2021_02_19,
2021_02_20,13162.41598
2021_02_21,
2021_02_22,
2021_02_23,
2021_02_24,13463.65484
2021_02_25,
2021_02_26,12867.30275
2021_02_27,13419.38836
2021_02_28,13480.82895
2021_03_01,
2021_03_02,13643.31038
2021_03_03,14019.53512
2021_03_04,
2021_03_05,
2021_03_06,13419.933
2021_03_07,13706.44685
2021_03_08,
2021_03_09,
2021_03_10,13530.59697
2021_03_11,13806.33773
2021_03_12,13864.93522
2021_03_13,14084.91534
2021_03_14,
2021_03_15,13047.12562
2021_03_16,13723.27655
2021_03_17,13637.16293
2021_03_18,14033.06451
2021_03_19,13739.19125
2021_03_20,12816.84091
2021_03_21,
2021_03_22,13215.28191
2021_03_23,13573.8547
2021_03_24,
2021_03_25,13604.34028
2021_03_26,13521.07508
2021_03_27,13921.29472
2021_03_28,
2021_03_29,13482.88722
2021_03_30,13540.79443
2021_03_31,14159.24745
2021_04_01,14117.5977
2021_04_02,
2021_04_03,13046.55255
2021_04_04,
2021_04_05,13830.93845
2021_04_06,14052.317
2021_04_07,
2021_04_08,13486.82997
2021_04_09,13843.30944
2021_04_10,13647.67617
2021_04_11,13743.56834
2021_04_12,13979.30593
2021_04_13,14003.6022
2021_04_14,14151.8314
2021_04_15,14324.95523
2021_04_16,14405.66971
2021_04_17,14499.21987
2021_04_18,14443.17677
2021_04_19,14252.81685
2021_04_20,14245.37091
2021_04_21,14298.8049
2021_04_22,13617.73835
2021_04_23,14011.3899
2021_04_24,
2021_04_25,14000
2021_04_26,13841.9219
2021_04_27,
2021_04_28,
2021_04_29,14141.08803
2021_04_30,
2021_05_01,13469.37666
2021_05_02,14027.63821
2021_05_03,13646.37009
2021_05_04,14008.22203
2021_05_05,14174
2021_05_06,14349.25877
2021_05_07,
2021_05_08,
2021_05_09,13608.53128
2021_05_10,14194.41724
2021_05_11,14326.59315
2021_05_12,
2021_05_13,14208.88177
2021_05_14,14435.12539
2021_05_15,14236.66891
2021_05_16,14561.18362
2021_05_17,
2021_05_18,13462
2021_05_19,
2021_05_20,
2021_05_21,13871.88348
2021_05_22,14227.02966
2021_05_23,
2021_05_24,
2021_05_25,
2021_05_26,14218.66983
2021_05_27,14098.5961
2021_05_28,13965.65923
2021_05_29,14389.99549
2021_05_30,
2021_05_31,14456.85874
2021_06_01,14855.05353
2021_06_02,14788.60752
2021_06_03,14661.88551
2021_06_04,14396.9772
2021_06_05,
2021_06_06,
2021_06_07,
2021_06_08,
2021_06_09,14120.75778
2021_06_10,14092.55403
2021_06_11,
2021_06_12,13942.34859
2021_06_13,
2021_06_14,
2021_06_15,14039.4416
2021_06_16,14318.74796
2021_06_17,14590.39394
2021_06_18,14420.50169
2021_06_19,14548.08402
2021_06_20,14729.31863
2021_06_21,14945.23155
2021_06_22,14795.99318
2021_06_23,14656.23055
2021_06_24,14455.21037
2021_06_25,14784.99246
2021_06_26,15174.17341
2021_06_27,15246.25669
2021_06_28,15318.75422
2021_06_29,15184.75485
2021_06_30,14673.06927
2021_07_01,14137.26399
2021_07_02,14362.04577
2021_07_03,14740.70303
2021_07_04,14497.61016
2021_07_05,14718.33808
2021_07_06,14830.11573
2021_07_07,14568.65607
2021_07_08,14581.08387
2021_07_09,14617.49968
2021_07_10,14817.73784
2021_07_11,14713.71583
2021_07_12,14797.94369
2021_07_13,14787.1453
2021_07_14,14768.7697
2021_07_15,14489.74455
2021_07_16,
2021_07_17,14629.52169
2021_07_18,14664.87737
2021_07_19,14807.11279
2021_07_20,14550.33051
2021_07_21,14430.21291
2021_07_22,14527.9294
2021_07_23,14320.02385
2021_07_24,14795.52057
2021_07_25,14705.30511
2021_07_26,14848.63053
2021_07_27,14472.93342
2021_07_28,14824.18453
2021_07_29,14936.64606
2021_07_30,15077.12525
2021_07_31,
2021_08_01,14045.41974
2021_08_02,14912.7986
2021_08_03,14574.00284
2021_08_04,14977.63259
2021_08_05,14475.86608
2021_08_06,14051.96512
2021_08_07,
2021_08_08,13657
2021_08_09,14593.84051
2021_08_10,
2021_08_11,14968.38793
2021_08_12,
2021_08_13,14987.34919
2021_08_14,14909.23251
2021_08_15,14985.70245
2021_08_16,14721.78275
2021_08_17,
2021_08_18,14576.90949
2021_08_19,14583.09348
2021_08_20,
2021_08_21,13739.03621
2021_08_22,14077.41509
2021_08_23,14268.28139
2021_08_24,14550.37808
2021_08_25,14655.54453
2021_08_26,
2021_08_27,13997.4155
2021_08_28,14460.83094
2021_08_29,14749.06203
2021_08_30,14194.17392
2021_08_31,14161.28571
2021_09_01,14398.21413
2021_09_02,14531.53235
2021_09_03,14686.58291
2021_09_04,14404.64308
2021_09_05,14657.08501
2021_09_06,14600.94876
2021_09_07,14778.98043
2021_09_08,14710.16163
2021_09_09,
2021_09_10,
2021_09_11,14360.43676
2021_09_12,14195.0436
2021_09_13,14219.39561
2021_09_14,14590.58368
2021_09_15,14249.22548
2021_09_16,14398.57622
2021_09_17,
2021_09_18,
2021_09_19,14086.38221
2021_09_20,14222.86708
2021_09_21,14692.03587
2021_09_22,
2021_09_23,14370.26011
2021_09_24,14714.25959
2021_09_25,14637.12255
2021_09_26,14324.73587
2021_09_27,
2021_09_28,
2021_09_29,
2021_09_30,
2021_10_01,14134.11088
2021_10_02,14328.38037
2021_10_03,14224.25318
2021_10_04,14331.1892
2021_10_05,
2021_10_06,13801
2021_10_07,13992.6552
2021_10_08,14078.78032
2021_10_09,
2021_10_10,13809.19574
2021_10_11,13768.33013
2021_10_12,
2021_10_13,13452.63259
2021_10_14,13386.88339
2021_10_15,14108.01264
2021_10_16,14161.27108
2021_10_17,
2021_10_18,13631.78673
2021_10_19,13931.77644
2021_10_20,
2021_10_21,13879
2021_10_22,
2021_10_23,
2021_10_24,
2021_10_25,
2021_10_26,
2021_10_27,13349.42711
2021_10_28,
2021_10_29,13583.72898
2021_10_30,13950.86044
2021_10_31,14075.61758
2021_11_01,
2021_11_02,
2021_11_03,
2021_11_04,
2021_11_05,13667.94741
2021_11_06,
2021_11_07,
2021_11_08,13681.38496
2021_11_09,13337.00906
2021_11_10,13617.01224
2021_11_11,
2021_11_12,
2021_11_13,
2021_11_14,13357.40476
2021_11_15,
2021_11_16,13441.98596
2021_11_17,13587.26692
2021_11_18,
2021_11_19,13656.48885
2021_11_20,13481.6533
2021_11_21,13883.17418
2021_11_22,13510.12426
2021_11_23,12767.74921
2021_11_24,13147.49463
2021_11_25,
2021_11_26,13011
2021_11_27,
2021_11_28,
2021_11_29,13931.87474
2021_11_30,
2021_12_01,
2021_12_02,13231.89963
2021_12_03,
2021_12_04,
2021_12_05,
2021_12_06,13258.69245
2021_12_07,12495.73952
2021_12_08,12955.38097
2021_12_09,12586.72727
2021_12_10,
2021_12_11,13149.8226
2021_12_12,13193.48745
2021_12_13,
2021_12_14,12794
2021_12_15,12424.28544
2021_12_16,12862.52732
2021_12_17,13334.39965
2021_12_18,
2021_12_19,
2021_12_20,
2021_12_21,13414.15572
2021_12_22,
2021_12_23,13004.09945
2021_12_24,13371.27655
2021_12_25,
2021_12_26,
2021_12_27,12803.07253
2021_12_28,
2021_12_29,12905.66656
2021_12_30,12530.3678
2021_12_31,13041.96117
