date,NDSI_Snow_Cover
2013_01_01,56.66966577
2013_01_02,52.07029905
2013_01_03,51.46366076
2013_01_04,65.10167718
2013_01_05,
2013_01_06,39.28697457
2013_01_07,
2013_01_08,
2013_01_09,51.9878689
2013_01_10,54.94111615
2013_01_11,65.925392
2013_01_12,69.52610908
2013_01_13,64.26404964
2013_01_14,
2013_01_15,62.94248954
2013_01_16,61.66133857
2013_01_17,41.4277512
2013_01_18,42.93603542
2013_01_19,35.79747807
2013_01_20,29.53518281
2013_01_21,36.54382167
2013_01_22,
2013_01_23,
2013_01_24,
2013_01_25,48.81307866
2013_01_26,29.35714286
2013_01_27,61.46666667
2013_01_28,
2013_01_29,46.88572012
2013_01_30,55.16573288
2013_01_31,66.31867326
2013_02_01,59.20132036
2013_02_02,39.1383753
2013_02_03,
2013_02_04,
2013_02_05,47.4137244
2013_02_06,
2013_02_07,
2013_02_08,64.36225249
2013_02_09,
2013_02_10,70.23044104
2013_02_11,
2013_02_12,72.73399909
2013_02_13,42.4624105
2013_02_14,65.42392027
2013_02_15,51.33504451
2013_02_16,22.36363636
2013_02_17,70.60133038
2013_02_18,
2013_02_19,38.26785363
2013_02_20,56.90645617
2013_02_21,
2013_02_22,
2013_02_23,
2013_02_24,65.25
2013_02_25,45.55288834
2013_02_26,
2013_02_27,
2013_02_28,
2013_03_01,
2013_03_02,
2013_03_03,33.73927443
2013_03_04,31.14273595
2013_03_05,
2013_03_06,
2013_03_07,60.09503646
2013_03_08,34.95229773
2013_03_09,32.7476605
2013_03_10,
2013_03_11,
2013_03_12,
2013_03_13,
2013_03_14,
2013_03_15,
2013_03_16,
2013_03_17,17
2013_03_18,
2013_03_19,
2013_03_20,
2013_03_21,50.1270119
2013_03_22,52.70023328
2013_03_23,49.6215506
2013_03_24,
2013_03_25,27.14000309
2013_03_26,
2013_03_27,
2013_03_28,
2013_03_29,4.739997676
2013_03_30,25.62277109
2013_03_31,18.76196473
2013_04_01,22.35318204
2013_04_02,84.50211215
2013_04_03,26.7084398
2013_04_04,
2013_04_05,53
2013_04_06,7.62425555
2013_04_07,
2013_04_08,71.30221843
2013_04_09,41.01342282
2013_04_10,
2013_04_11,68.15097866
2013_04_12,
2013_04_13,
2013_04_14,55.20463822
2013_04_15,24.24676879
2013_04_16,16.2
2013_04_17,11.15831531
2013_04_18,
2013_04_19,
2013_04_20,72.94734184
2013_04_21,75.16833442
2013_04_22,32.62841239
2013_04_23,17.24812291
2013_04_24,23.33285719
2013_04_25,22.53071787
2013_04_26,19.51347639
2013_04_27,
2013_04_28,53.65660316
2013_04_29,34.08608799
2013_04_30,4.592592593
2013_05_01,27.98682827
2013_05_02,16.94307528
2013_05_03,18.71464216
2013_05_04,18.90257591
2013_05_05,15.72498298
2013_05_06,18.64241288
2013_05_07,13.45896196
2013_05_08,20.35295465
2013_05_09,15.10722877
2013_05_10,14.63553221
2013_05_11,3.656361872
2013_05_12,
2013_05_13,11.12204119
2013_05_14,
2013_05_15,50.15644366
2013_05_16,
2013_05_17,
2013_05_18,
2013_05_19,79.83645539
2013_05_20,14.85851723
2013_05_21,
2013_05_22,
2013_05_23,
2013_05_24,7.974910738
2013_05_25,
2013_05_26,34.71878732
2013_05_27,
2013_05_28,73.91584582
2013_05_29,
2013_05_30,
2013_05_31,73.47236924
2013_06_01,3.989607831
2013_06_02,28.83991457
2013_06_03,10.46583428
2013_06_04,12.26009759
2013_06_05,5.894627248
2013_06_06,7.767943213
2013_06_07,79.20010539
2013_06_08,10.89668985
2013_06_09,13.48390874
2013_06_10,12.2380301
2013_06_11,33.03909075
2013_06_12,17.75118532
2013_06_13,4.579837618
2013_06_14,58.57774386
2013_06_15,5.681987712
2013_06_16,2.804264821
2013_06_17,14.50920961
2013_06_18,7.476246859
2013_06_19,
2013_06_20,
2013_06_21,63.95026171
2013_06_22,8.51261487
2013_06_23,
2013_06_24,
2013_06_25,
2013_06_26,
2013_06_27,
2013_06_28,11.61280498
2013_06_29,0
2013_06_30,10.86649538
2013_07_01,6.483414818
2013_07_02,9.673429596
2013_07_03,8.049609241
2013_07_04,74.01946529
2013_07_05,39.13296156
2013_07_06,8.004240386
2013_07_07,8.272291046
2013_07_08,5.858191775
2013_07_09,8.393131375
2013_07_10,6.639032904
2013_07_11,6.178625075
2013_07_12,
2013_07_13,6.283970297
2013_07_14,7.495114718
2013_07_15,7.081844603
2013_07_16,0.784488715
2013_07_17,11.34145817
2013_07_18,6.553114325
2013_07_19,6.685081402
2013_07_20,5.648897508
2013_07_21,6.540796789
2013_07_22,5.279042644
2013_07_23,6.170896638
2013_07_24,5.195752991
2013_07_25,5.823464878
2013_07_26,6.04444238
2013_07_27,5.173789527
2013_07_28,3.939911478
2013_07_29,5.0445967
2013_07_30,4.314089969
2013_07_31,
2013_08_01,57.03223923
2013_08_02,
2013_08_03,3.209668865
2013_08_04,1.019663175
2013_08_05,4.551461714
2013_08_06,4.907756809
2013_08_07,4.587259166
2013_08_08,3.405136447
2013_08_09,8.470615919
2013_08_10,5.32297189
2013_08_11,26.01484561
2013_08_12,4.510772064
2013_08_13,4.065444322
2013_08_14,24.0056101
2013_08_15,
2013_08_16,4.363412894
2013_08_17,1.52928524
2013_08_18,4.106916653
2013_08_19,2.931088734
2013_08_20,3.638888652
2013_08_21,2.804446375
2013_08_22,6.630057475
2013_08_23,1.417660204
2013_08_24,0.039135362
2013_08_25,0.228628172
2013_08_26,0
2013_08_27,0
2013_08_28,0
2013_08_29,
2013_08_30,1.313776206
2013_08_31,4.315761019
2013_09_01,1.23E-04
2013_09_02,1.793906642
2013_09_03,0
2013_09_04,0.885967077
2013_09_05,
2013_09_06,
2013_09_07,
2013_09_08,3.884360638
2013_09_09,4.064691638
2013_09_10,3.642743577
2013_09_11,3.614630098
2013_09_12,3.609258541
2013_09_13,3.201459164
2013_09_14,3.673062779
2013_09_15,5.665985282
2013_09_16,56.32271373
2013_09_17,
2013_09_18,3.97700746
2013_09_19,3.42569224
2013_09_20,2.855823278
2013_09_21,1.08389773
2013_09_22,
2013_09_23,
2013_09_24,
2013_09_25,67.82483157
2013_09_26,52.13696528
2013_09_27,
2013_09_28,
2013_09_29,67.65962441
2013_09_30,
2013_10_01,
2013_10_02,
2013_10_03,77.13797301
2013_10_04,17.19971571
2013_10_05,10.43077541
2013_10_06,11.94635989
2013_10_07,
2013_10_08,69.19546454
2013_10_09,20.33237923
2013_10_10,8.49276576
2013_10_11,
2013_10_12,
2013_10_13,11.44879855
2013_10_14,12.46456278
2013_10_15,12.77989593
2013_10_16,9.992471912
2013_10_17,10.41118976
2013_10_18,10.19352543
2013_10_19,10.54640236
2013_10_20,8.529621
2013_10_21,5.993289345
2013_10_22,7.444452225
2013_10_23,8.134599291
2013_10_24,6.42653883
2013_10_25,7.63249356
2013_10_26,6.442553928
2013_10_27,18.64483984
2013_10_28,4.324708654
2013_10_29,7.435735716
2013_10_30,1.714207501
2013_10_31,75.1053132
2013_11_01,2.929606818
2013_11_02,
2013_11_03,67
2013_11_04,27.49358911
2013_11_05,
2013_11_06,
2013_11_07,
2013_11_08,
2013_11_09,
2013_11_10,
2013_11_11,26.281605
2013_11_12,37.33114125
2013_11_13,28.3219433
2013_11_14,49.04606411
2013_11_15,52.15923395
2013_11_16,
2013_11_17,
2013_11_18,52.37142857
2013_11_19,
2013_11_20,39.44880153
2013_11_21,29.41925764
2013_11_22,27.12215254
2013_11_23,30.7865703
2013_11_24,17.20343325
2013_11_25,28.79720233
2013_11_26,32.04163121
2013_11_27,12.22237849
2013_11_28,27.21482199
2013_11_29,
2013_11_30,
2013_12_01,
2013_12_02,53.8460258
2013_12_03,47.8920354
2013_12_04,64.15401158
2013_12_05,
2013_12_06,50.57472271
2013_12_07,56.95307813
2013_12_08,48.89381772
2013_12_09,74.32142624
2013_12_10,54.95001344
2013_12_11,42.76004249
2013_12_12,
2013_12_13,63.84000835
2013_12_14,
2013_12_15,54.58579763
2013_12_16,25.34234089
2013_12_17,30.66097124
2013_12_18,53.53240658
2013_12_19,
2013_12_20,
2013_12_21,66.51338541
2013_12_22,49.56445687
2013_12_23,42.46174497
2013_12_24,38.90395431
2013_12_25,64.49461312
2013_12_26,41.89695411
2013_12_27,15.34996372
2013_12_28,23.18516884
2013_12_29,51.005033
2013_12_30,
2013_12_31,
2014_01_01,38.60942718
2014_01_02,43.61616162
2014_01_03,63.91558478
2014_01_04,56.65946644
2014_01_05,34.61779171
2014_01_06,28.16168342
2014_01_07,54.0093985
2014_01_08,
2014_01_09,
2014_01_10,32.68496926
2014_01_11,
2014_01_12,
2014_01_13,
2014_01_14,59.99969997
2014_01_15,22.86492722
2014_01_16,28.88213172
2014_01_17,27.65524064
2014_01_18,50.89164367
2014_01_19,38.16316703
2014_01_20,26.49221509
2014_01_21,38.37766758
2014_01_22,72.41838028
2014_01_23,35.45052378
2014_01_24,20.12313921
2014_01_25,25.94748526
2014_01_26,32.16051293
2014_01_27,
2014_01_28,52.72963512
2014_01_29,
2014_01_30,
2014_01_31,59.53702962
2014_02_01,62.16551221
2014_02_02,49.06581834
2014_02_03,
2014_02_04,72.58495982
2014_02_05,55.39429216
2014_02_06,48.30910088
2014_02_07,56.63901299
2014_02_08,
2014_02_09,30.72727273
2014_02_10,52.62305987
2014_02_11,
2014_02_12,25.13424809
2014_02_13,48.53999788
2014_02_14,
2014_02_15,
2014_02_16,44.45154062
2014_02_17,
2014_02_18,
2014_02_19,
2014_02_20,
2014_02_21,
2014_02_22,
2014_02_23,
2014_02_24,
2014_02_25,10.88328813
2014_02_26,29.78674407
2014_02_27,
2014_02_28,36.37428742
2014_03_01,60
2014_03_02,
2014_03_03,53.7805509
2014_03_04,
2014_03_05,
2014_03_06,
2014_03_07,63.28938651
2014_03_08,
2014_03_09,
2014_03_10,55.04428822
2014_03_11,41.93022264
2014_03_12,26.87698148
2014_03_13,36.58519715
2014_03_14,4.812290871
2014_03_15,
2014_03_16,
2014_03_17,69.77314892
2014_03_18,
2014_03_19,61.7866078
2014_03_20,45.99847063
2014_03_21,44.63154061
2014_03_22,15.56470313
2014_03_23,24.98606553
2014_03_24,31.76645595
2014_03_25,
2014_03_26,
2014_03_27,
2014_03_28,
2014_03_29,
2014_03_30,66.75608808
2014_03_31,49.89907609
2014_04_01,
2014_04_02,6.919426846
2014_04_03,
2014_04_04,30.36677177
2014_04_05,
2014_04_06,75.75648565
2014_04_07,25.61435762
2014_04_08,17.62280978
2014_04_09,18.5883235
2014_04_10,21.0579021
2014_04_11,16.82913188
2014_04_12,21.72223061
2014_04_13,21.46852786
2014_04_14,7.16719303
2014_04_15,2.550593258
2014_04_16,
2014_04_17,
2014_04_18,31.54407031
2014_04_19,
2014_04_20,30.49274584
2014_04_21,
2014_04_22,58.16180938
2014_04_23,
2014_04_24,
2014_04_25,26.33887233
2014_04_26,69.34887276
2014_04_27,
2014_04_28,29.53347777
2014_04_29,22.68114376
2014_04_30,19.370664
2014_05_01,6.897413356
2014_05_02,3.008972729
2014_05_03,
2014_05_04,68.24205379
2014_05_05,53.64285714
2014_05_06,74.29171906
2014_05_07,10.76349768
2014_05_08,
2014_05_09,
2014_05_10,33.43322723
2014_05_11,17.06236319
2014_05_12,24.40644042
2014_05_13,17.39689198
2014_05_14,
2014_05_15,15.57692308
2014_05_16,26.33423871
2014_05_17,31.71964494
2014_05_18,39.05490124
2014_05_19,36.91782078
2014_05_20,16.6147145
2014_05_21,3.872720774
2014_05_22,14.56956382
2014_05_23,
2014_05_24,
2014_05_25,
2014_05_26,68.4530636
2014_05_27,13.32095934
2014_05_28,59.2463064
2014_05_29,64.33560284
2014_05_30,14.69021348
2014_05_31,8.93000358
2014_06_01,15.9420388
2014_06_02,12.32431735
2014_06_03,45.71890467
2014_06_04,7.047791325
2014_06_05,13.54745607
2014_06_06,12.05827876
2014_06_07,10.506292
2014_06_08,1.582375967
2014_06_09,76.81328613
2014_06_10,9.966604801
2014_06_11,11.07119691
2014_06_12,12.75798206
2014_06_13,
2014_06_14,78.3928225
2014_06_15,73.30825566
2014_06_16,
2014_06_17,71.30293008
2014_06_18,
2014_06_19,9.276791077
2014_06_20,11.22511424
2014_06_21,0
2014_06_22,37.85758279
2014_06_23,1.697998104
2014_06_24,11.46513936
2014_06_25,
2014_06_26,
2014_06_27,
2014_06_28,2.14776552
2014_06_29,71.20257235
2014_06_30,8.65742592
2014_07_01,11.07325827
2014_07_02,
2014_07_03,
2014_07_04,1.047136916
2014_07_05,
2014_07_06,6.613642069
2014_07_07,8.273757724
2014_07_08,9.757993835
2014_07_09,7.943699754
2014_07_10,9.141986196
2014_07_11,8.442407792
2014_07_12,8.018600711
2014_07_13,
2014_07_14,7.462736997
2014_07_15,9.178976774
2014_07_16,7.004077211
2014_07_17,1.949286243
2014_07_18,
2014_07_19,25.55755121
2014_07_20,14.64929835
2014_07_21,5.266767164
2014_07_22,
2014_07_23,
2014_07_24,
2014_07_25,6.354832349
2014_07_26,6.292642342
2014_07_27,2.164908684
2014_07_28,5.93342948
2014_07_29,5.898334249
2014_07_30,4.863477266
2014_07_31,4.082939477
2014_08_01,0
2014_08_02,0.558676827
2014_08_03,4.322767246
2014_08_04,4.920342301
2014_08_05,4.795774227
2014_08_06,5.877050363
2014_08_07,4.580656903
2014_08_08,3.853681852
2014_08_09,2.518408554
2014_08_10,4.165607935
2014_08_11,0.487922014
2014_08_12,0.14664581
2014_08_13,8.159225534
2014_08_14,
2014_08_15,
2014_08_16,9.355170693
2014_08_17,4.38697734
2014_08_18,4.015377744
2014_08_19,2.757895605
2014_08_20,50.18974787
2014_08_21,2.777413529
2014_08_22,0.676917212
2014_08_23,1.007858428
2014_08_24,0.336931654
2014_08_25,1.005711898
2014_08_26,3.700271586
2014_08_27,3.121703025
2014_08_28,2.993953862
2014_08_29,21.05863962
2014_08_30,
2014_08_31,19.98955409
2014_09_01,1.952184192
2014_09_02,2.39207178
2014_09_03,24.65925711
2014_09_04,3.807806866
2014_09_05,3.70664047
2014_09_06,3.370141693
2014_09_07,3.329301568
2014_09_08,3.308243793
2014_09_09,21.2293286
2014_09_10,1.094042409
2014_09_11,2.877108854
2014_09_12,3.069865007
2014_09_13,3.097424571
2014_09_14,3.055485613
2014_09_15,3.11516153
2014_09_16,2.655441612
2014_09_17,
2014_09_18,72.3472631
2014_09_19,3.549353225
2014_09_20,2.925530092
2014_09_21,2.972588582
2014_09_22,1.157989142
2014_09_23,
2014_09_24,
2014_09_25,3.023282031
2014_09_26,
2014_09_27,14.91545532
2014_09_28,1.245455487
2014_09_29,2.792856254
2014_09_30,8.56539403
2014_10_01,74.75679642
2014_10_02,2.274987077
2014_10_03,4.230449453
2014_10_04,4.011791895
2014_10_05,3.285925347
2014_10_06,3.22516007
2014_10_07,3.233411257
2014_10_08,
2014_10_09,2.923194655
2014_10_10,4.33641447
2014_10_11,
2014_10_12,18.7977067
2014_10_13,12.17271481
2014_10_14,
2014_10_15,69.09090909
2014_10_16,7.952620673
2014_10_17,
2014_10_18,38.18745764
2014_10_19,13.86378151
2014_10_20,53.39383442
2014_10_21,
2014_10_22,
2014_10_23,
2014_10_24,
2014_10_25,
2014_10_26,44
2014_10_27,11.24940176
2014_10_28,
2014_10_29,16.81369673
2014_10_30,
2014_10_31,
2014_11_01,51.26222985
2014_11_02,69.75716786
2014_11_03,
2014_11_04,
2014_11_05,
2014_11_06,
2014_11_07,12.02808173
2014_11_08,8.517864564
2014_11_09,43.10397946
2014_11_10,22.64207338
2014_11_11,28.95408624
2014_11_12,11.71783097
2014_11_13,
2014_11_14,5.791808386
2014_11_15,10.55119323
2014_11_16,8.388448446
2014_11_17,9.853730273
2014_11_18,
2014_11_19,17.21428571
2014_11_20,
2014_11_21,50.82484675
2014_11_22,
2014_11_23,
2014_11_24,
2014_11_25,
2014_11_26,
2014_11_27,
2014_11_28,
2014_11_29,43.03431618
2014_11_30,63.896736
2014_12_01,36.69400445
2014_12_02,34.51798567
2014_12_03,27.76862436
2014_12_04,47.1590825
2014_12_05,17.1365897
2014_12_06,
2014_12_07,
2014_12_08,
2014_12_09,
2014_12_10,
2014_12_11,
2014_12_12,56.42980296
2014_12_13,33.51831361
2014_12_14,22.69513392
2014_12_15,11.24409324
2014_12_16,
2014_12_17,
2014_12_18,
2014_12_19,43.41234543
2014_12_20,
2014_12_21,46.46610169
2014_12_22,8.988542863
2014_12_23,
2014_12_24,
2014_12_25,51.72653527
2014_12_26,52.71304723
2014_12_27,
2014_12_28,51.66551319
2014_12_29,63.17360683
2014_12_30,61.97390355
2014_12_31,58.16898174
2015_01_01,45.55549653
2015_01_02,
2015_01_03,
2015_01_04,
2015_01_05,55.33548639
2015_01_06,
2015_01_07,17.91756104
2015_01_08,25.88531024
2015_01_09,30.7341674
2015_01_10,56.91440164
2015_01_11,
2015_01_12,33.07497302
2015_01_13,29.50767108
2015_01_14,33.90428802
2015_01_15,
2015_01_16,32.6013119
2015_01_17,
2015_01_18,
2015_01_19,48.70379947
2015_01_20,49.49536049
2015_01_21,18.78043414
2015_01_22,53.8958961
2015_01_23,
2015_01_24,64.78835027
2015_01_25,3.711553572
2015_01_26,14.08390066
2015_01_27,
2015_01_28,21.63921261
2015_01_29,23.92671378
2015_01_30,17.22020938
2015_01_31,20.32597297
2015_02_01,
2015_02_02,57.19327229
2015_02_03,44.09016712
2015_02_04,
2015_02_05,
2015_02_06,
2015_02_07,66.52983826
2015_02_08,
2015_02_09,
2015_02_10,45.98066737
2015_02_11,
2015_02_12,14.84509569
2015_02_13,15.79365771
2015_02_14,33.54974415
2015_02_15,24.61215561
2015_02_16,16.3021432
2015_02_17,16.52193264
2015_02_18,2.339080734
2015_02_19,
2015_02_20,
2015_02_21,26.04293933
2015_02_22,14.75265182
2015_02_23,15.14803571
2015_02_24,21.408975
2015_02_25,79.89831318
2015_02_26,40.6041457
2015_02_27,
2015_02_28,20.33242741
2015_03_01,14.60454177
2015_03_02,35.89545593
2015_03_03,12.92384095
2015_03_04,15.61482059
2015_03_05,14.52949499
2015_03_06,20.12771472
2015_03_07,14.16092861
2015_03_08,12.46751436
2015_03_09,14.0408701
2015_03_10,13.21162026
2015_03_11,70.99864682
2015_03_12,8.564411305
2015_03_13,1.692179418
2015_03_14,
2015_03_15,
2015_03_16,19.63230886
2015_03_17,
2015_03_18,54.41608379
2015_03_19,
2015_03_20,
2015_03_21,
2015_03_22,
2015_03_23,
2015_03_24,20.31331039
2015_03_25,
2015_03_26,16.3843011
2015_03_27,56.05491323
2015_03_28,48.38631922
2015_03_29,6.026150926
2015_03_30,13.64840619
2015_03_31,20.4383728
2015_04_01,30.87809788
2015_04_02,64.14917186
2015_04_03,
2015_04_04,13.93831859
2015_04_05,8.765134931
2015_04_06,10.58354553
2015_04_07,
2015_04_08,34.48437858
2015_04_09,13.54450578
2015_04_10,
2015_04_11,
2015_04_12,19.98244404
2015_04_13,
2015_04_14,31.38620283
2015_04_15,27.86326508
2015_04_16,18.30648596
2015_04_17,5.613837944
2015_04_18,11.55032044
2015_04_19,13.70314575
2015_04_20,13.78811553
2015_04_21,5.447171884
2015_04_22,4.560206139
2015_04_23,
2015_04_24,
2015_04_25,3.680085861
2015_04_26,55.03415698
2015_04_27,9.005269731
2015_04_28,
2015_04_29,9.755667084
2015_04_30,9.962633947
2015_05_01,12.17917247
2015_05_02,8.478681571
2015_05_03,8.311840083
2015_05_04,8.517720194
2015_05_05,53.93286801
2015_05_06,3.541666667
2015_05_07,9.719207445
2015_05_08,10.03277091
2015_05_09,4.975387798
2015_05_10,12.21745562
2015_05_11,
2015_05_12,
2015_05_13,
2015_05_14,24.91801481
2015_05_15,77.01509176
2015_05_16,88.72604614
2015_05_17,13.03135889
2015_05_18,0.251093271
2015_05_19,1.374367999
2015_05_20,0.404667845
2015_05_21,2.89696506
2015_05_22,
2015_05_23,
2015_05_24,
2015_05_25,6.424291692
2015_05_26,73.75997434
2015_05_27,3.262833663
2015_05_28,7.280489153
2015_05_29,0.53365527
2015_05_30,8.453854163
2015_05_31,6.100003238
2015_06_01,
2015_06_02,
2015_06_03,
2015_06_04,23.70083173
2015_06_05,6.601684901
2015_06_06,6.329677624
2015_06_07,6.530108721
2015_06_08,6.02780142
2015_06_09,5.940040262
2015_06_10,5.441152481
2015_06_11,6.282540331
2015_06_12,3.148356782
2015_06_13,3.553942654
2015_06_14,5.830549173
2015_06_15,0.7993455
2015_06_16,2.39909202
2015_06_17,5.267454142
2015_06_18,0
2015_06_19,6.058967521
2015_06_20,2.911636453
2015_06_21,1.954564713
2015_06_22,1.314664621
2015_06_23,2.629565105
2015_06_24,
2015_06_25,5.313285038
2015_06_26,4.650919396
2015_06_27,
2015_06_28,
2015_06_29,4.71206765
2015_06_30,4.741562429
2015_07_01,4.452568778
2015_07_02,4.325813749
2015_07_03,4.422088594
2015_07_04,4.405514588
2015_07_05,4.131084495
2015_07_06,4.222547751
2015_07_07,4.127864079
2015_07_08,3.605470029
2015_07_09,1.459965392
2015_07_10,
2015_07_11,
2015_07_12,0.419772323
2015_07_13,1.660908842
2015_07_14,3.073251553
2015_07_15,0.327679731
2015_07_16,0.890611678
2015_07_17,3.396858069
2015_07_18,3.964204849
2015_07_19,3.567645657
2015_07_20,3.717591779
2015_07_21,1.993995088
2015_07_22,53.50145061
2015_07_23,16.32424419
2015_07_24,25.03956525
2015_07_25,
2015_07_26,48.56449438
2015_07_27,5.499902372
2015_07_28,2.589311805
2015_07_29,3.577871815
2015_07_30,3.460521025
2015_07_31,3.237525049
2015_08_01,3.347141063
2015_08_02,4.143838365
2015_08_03,
2015_08_04,2.988504204
2015_08_05,2.184876118
2015_08_06,9.695474625
2015_08_07,3.124251776
2015_08_08,1.969675495
2015_08_09,0
2015_08_10,4.038082916
2015_08_11,5.668682307
2015_08_12,34.16354589
2015_08_13,2.866867214
2015_08_14,41.5
2015_08_15,70.50236639
2015_08_16,3.137574779
2015_08_17,3.233955961
2015_08_18,2.772814444
2015_08_19,3.028159126
2015_08_20,2.548581404
2015_08_21,46.95985741
2015_08_22,2.584448445
2015_08_23,2.262680978
2015_08_24,2.553480084
2015_08_25,2.477248668
2015_08_26,9.778942145
2015_08_27,1.851182972
2015_08_28,0
2015_08_29,
2015_08_30,11.11683708
2015_08_31,
2015_09_01,75.88661064
2015_09_02,47.98120301
2015_09_03,2.723288527
2015_09_04,21.22741868
2015_09_05,62.7400126
2015_09_06,
2015_09_07,5.551635448
2015_09_08,3.699266423
2015_09_09,3.81252307
2015_09_10,3.650302613
2015_09_11,6.370004077
2015_09_12,3.10166612
2015_09_13,9.917727818
2015_09_14,
2015_09_15,
2015_09_16,
2015_09_17,
2015_09_18,0.083743155
2015_09_19,89
2015_09_20,
2015_09_21,8.739999189
2015_09_22,3.359295415
2015_09_23,0.330094006
2015_09_24,3.559792496
2015_09_25,
2015_09_26,3.303606756
2015_09_27,3.428841787
2015_09_28,2.562290098
2015_09_29,2.982198946
2015_09_30,2.135483978
2015_10_01,2.71987679
2015_10_02,
2015_10_03,7.685739627
2015_10_04,2.273961645
2015_10_05,1.798830747
2015_10_06,
2015_10_07,
2015_10_08,
2015_10_09,
2015_10_10,
2015_10_11,3.561369792
2015_10_12,0.093384319
2015_10_13,17.60385797
2015_10_14,1.571224356
2015_10_15,3.071198987
2015_10_16,2.212545393
2015_10_17,
2015_10_18,52.98372047
2015_10_19,8.833676858
2015_10_20,9.490331154
2015_10_21,
2015_10_22,4.276522932
2015_10_23,
2015_10_24,
2015_10_25,43.86263554
2015_10_26,60.14348013
2015_10_27,11.56896746
2015_10_28,
2015_10_29,63.16171617
2015_10_30,
2015_10_31,
2015_11_01,
2015_11_02,34.71530571
2015_11_03,69.57719715
2015_11_04,25.13771523
2015_11_05,55.16065277
2015_11_06,22.93408918
2015_11_07,
2015_11_08,52.5503599
2015_11_09,31.56793802
2015_11_10,32.775
2015_11_11,47.76041608
2015_11_12,
2015_11_13,
2015_11_14,
2015_11_15,
2015_11_16,
2015_11_17,
2015_11_18,
2015_11_19,
2015_11_20,42.47249679
2015_11_21,21.51513006
2015_11_22,25.48769636
2015_11_23,10.19478632
2015_11_24,47.54895631
2015_11_25,57.66630642
2015_11_26,32.4936023
2015_11_27,29.95157511
2015_11_28,23.29042264
2015_11_29,27.720692
2015_11_30,46.82657824
2015_12_01,23.99100882
2015_12_02,13.75701884
2015_12_03,
2015_12_04,59.00999115
2015_12_05,
2015_12_06,28.26173419
2015_12_07,
2015_12_08,
2015_12_09,
2015_12_10,
2015_12_11,
2015_12_12,
2015_12_13,
2015_12_14,57.24851276
2015_12_15,5.215319149
2015_12_16,62
2015_12_17,
2015_12_18,
2015_12_19,40.85340171
2015_12_20,44.57871682
2015_12_21,
2015_12_22,47.77640187
2015_12_23,
2015_12_24,52.12520435
2015_12_25,44.00441187
2015_12_26,
2015_12_27,
2015_12_28,65.5228135
2015_12_29,53.90290556
2015_12_30,68.03988786
2015_12_31,68.02134825
2016_01_01,55.44771233
2016_01_02,54.92160721
2016_01_03,
2016_01_04,45.66176235
2016_01_05,
2016_01_06,
2016_01_07,54.37327701
2016_01_08,37.06310306
2016_01_09,43.16488296
2016_01_10,46.20921662
2016_01_11,48.61972829
2016_01_12,
2016_01_13,
2016_01_14,45.74486906
2016_01_15,56.83497745
2016_01_16,
2016_01_17,
2016_01_18,44.80005622
2016_01_19,
2016_01_20,40.33339416
2016_01_21,
2016_01_22,49.70103263
2016_01_23,52.18110755
2016_01_24,55.00703811
2016_01_25,33.4421379
2016_01_26,
2016_01_27,
2016_01_28,
2016_01_29,46.98881204
2016_01_30,28.01211107
2016_01_31,28.82885504
2016_02_01,62.18469312
2016_02_02,54.2397536
2016_02_03,46.94736842
2016_02_04,
2016_02_05,
2016_02_06,
2016_02_07,34.97953647
2016_02_08,20.83736611
2016_02_09,15.34897801
2016_02_10,
2016_02_11,
2016_02_12,63.14252252
2016_02_13,
2016_02_14,
2016_02_15,
2016_02_16,
2016_02_17,
2016_02_18,
2016_02_28,
2016_02_29,
2016_03_01,
2016_03_02,
2016_03_03,
2016_03_04,8.0526019
2016_03_05,6.333800149
2016_03_06,50.4934797
2016_03_07,1.783671655
2016_03_08,56.45535714
2016_03_09,
2016_03_10,13.61363636
2016_03_11,
2016_03_12,
2016_03_13,12.86712914
2016_03_14,
2016_03_15,48.60606181
2016_03_16,19.43880926
2016_03_17,35.4988465
2016_03_18,42.56316738
2016_03_19,0
2016_03_20,
2016_03_21,
2016_03_22,38.8149359
2016_03_23,
2016_03_24,
2016_03_25,35.00244537
2016_03_26,27.08338682
2016_03_27,49.05530599
2016_03_28,69.57550535
2016_03_29,32.63903499
2016_03_30,18.97684177
2016_03_31,20.74713745
2016_04_01,17.05921261
2016_04_02,14.92607043
2016_04_03,22.3627835
2016_04_04,
2016_04_05,
2016_04_06,19.19491779
2016_04_07,18.65584198
2016_04_08,16.47347237
2016_04_09,17.07336685
2016_04_10,23.68612606
2016_04_11,54.72034616
2016_04_12,
2016_04_13,
2016_04_14,33.64199399
2016_04_15,
2016_04_16,3.283375864
2016_04_17,17.90072634
2016_04_18,16.880329
2016_04_19,16.77690944
2016_04_20,14.00655815
2016_04_21,12.42214268
2016_04_22,59.0862069
2016_04_23,75.91264837
2016_04_24,39.61626894
2016_04_25,74.09134222
2016_04_26,16.07926522
2016_04_27,0
2016_04_28,81.07973229
2016_04_29,
2016_04_30,19.45794077
2016_05_01,16.2084807
2016_05_02,14.2870738
2016_05_03,19.10714286
2016_05_04,1.301238165
2016_05_05,0
2016_05_06,10.29158329
2016_05_07,13.24446236
2016_05_08,9.413661855
2016_05_09,2.248481913
2016_05_10,6.378757285
2016_05_11,12.64112244
2016_05_12,12.3470164
2016_05_13,5.563378273
2016_05_14,
2016_05_15,
2016_05_16,85.83126463
2016_05_17,6.338631904
2016_05_18,
2016_05_19,14.28571429
2016_05_20,1.31502226
2016_05_21,69.24205379
2016_05_22,
2016_05_23,28.33277778
2016_05_24,72.70998926
2016_05_25,84.6664007
2016_05_26,79.90728096
2016_05_27,7.041759328
2016_05_28,
2016_05_29,1.031847485
2016_05_30,11.16455385
2016_05_31,10.03038873
2016_06_01,0
2016_06_02,
2016_06_03,8.69553486
2016_06_04,9.612075587
2016_06_05,9.502979017
2016_06_06,10.71483148
2016_06_07,10.0263844
2016_06_08,0.757370537
2016_06_09,
2016_06_10,5.346381756
2016_06_11,44.89306147
2016_06_12,1.232656737
2016_06_13,0
2016_06_14,
2016_06_15,27.1736029
2016_06_16,3.943396226
2016_06_17,
2016_06_18,
2016_06_19,7.821703841
2016_06_20,3.901227117
2016_06_21,13.49525591
2016_06_22,0
2016_06_23,
2016_06_24,74.24330429
2016_06_25,11.62781554
2016_06_26,7.863697836
2016_06_27,0.968654037
2016_06_28,7.433507671
2016_06_29,7.739361123
2016_06_30,20.3103156
2016_07_01,21.31422345
2016_07_02,8.183597837
2016_07_03,4.022480912
2016_07_04,73.8980397
2016_07_05,
2016_07_06,17.95573061
2016_07_07,
2016_07_08,40.19022142
2016_07_09,
2016_07_10,
2016_07_11,76.4278377
2016_07_12,78.38591965
2016_07_13,7.405658959
2016_07_14,5.372678979
2016_07_15,9.275095685
2016_07_16,72.55032142
2016_07_17,3.561729011
2016_07_18,
2016_07_19,29.67992817
2016_07_20,2.201692851
2016_07_21,4.021663993
2016_07_22,50.86473531
2016_07_23,21.03516876
2016_07_24,5.776096923
2016_07_25,5.207400233
2016_07_26,5.027632038
2016_07_27,5.294898781
2016_07_28,5.261992993
2016_07_29,5.477099788
2016_07_30,4.161450572
2016_07_31,4.259102661
2016_08_01,4.784232331
2016_08_02,69.01365546
2016_08_03,6.948610388
2016_08_04,4.458478405
2016_08_05,3.504171953
2016_08_06,4.05693912
2016_08_07,46.58274021
2016_08_08,4.176470588
2016_08_09,75.36885661
2016_08_10,16.93272603
2016_08_11,4.368247789
2016_08_12,4.91133327
2016_08_13,1.840580771
2016_08_14,4.637832092
2016_08_15,4.387068747
2016_08_16,3.611773681
2016_08_17,4.29984282
2016_08_18,4.227660683
2016_08_19,4.41797998
2016_08_20,3.764644183
2016_08_21,4.17994668
2016_08_22,21.17777303
2016_08_23,3.87902646
2016_08_24,3.535813107
2016_08_25,4.093432554
2016_08_26,0
2016_08_27,1.488376259
2016_08_28,0
2016_08_29,3.380877351
2016_08_30,23.11508648
2016_08_31,
2016_09_01,47.57090882
2016_09_02,
2016_09_03,19.03496042
2016_09_04,7.862901219
2016_09_05,7.124444239
2016_09_06,13.53514513
2016_09_07,5.413567814
2016_09_08,3.500662866
2016_09_09,3.77173664
2016_09_10,2.270928573
2016_09_11,84.00488827
2016_09_12,2.32536075
2016_09_13,3.967243783
2016_09_14,3.363422997
2016_09_15,3.112915001
2016_09_16,2.822595735
2016_09_17,
2016_09_18,3.176393993
2016_09_19,
2016_09_20,2.501418882
2016_09_21,0.236843121
2016_09_22,2.018479879
2016_09_23,62.87577979
2016_09_24,0.431479787
2016_09_25,3.657678127
2016_09_26,3.725520773
2016_09_27,52.50245921
2016_09_28,3.805708069
2016_09_29,3.029981262
2016_09_30,3.207086925
2016_10_01,
2016_10_02,0.351397508
2016_10_03,60.58854489
2016_10_04,
2016_10_05,0
2016_10_06,
2016_10_07,
2016_10_08,
2016_10_09,63.89620858
2016_10_10,5.909490736
2016_10_11,4.887954116
2016_10_12,3.023342446
2016_10_13,
2016_10_14,
2016_10_15,
2016_10_16,
2016_10_17,68.07866991
2016_10_18,
2016_10_19,
2016_10_20,
2016_10_21,
2016_10_22,16.20879561
2016_10_23,
2016_10_24,
2016_10_25,50.24785881
2016_10_26,
2016_10_27,
2016_10_28,10.76145623
2016_10_29,
2016_10_30,43
2016_10_31,34.33655116
2016_11_01,57.00308325
2016_11_02,
2016_11_03,31.48191758
2016_11_04,1.25218334
2016_11_05,
2016_11_06,10.57206364
2016_11_07,
2016_11_08,7.920657619
2016_11_09,16.45548463
2016_11_10,10.60212231
2016_11_11,20.47928994
2016_11_12,42.25
2016_11_13,
2016_11_14,65.98634863
2016_11_15,69.8130322
2016_11_16,30.87239679
2016_11_17,25.26327459
2016_11_18,
2016_11_19,2.666666667
2016_11_20,
2016_11_21,62.27060239
2016_11_22,
2016_11_23,
2016_11_24,
2016_11_25,26.97351747
2016_11_26,
2016_11_27,
2016_11_28,23.88485317
2016_11_29,54.26132703
2016_11_30,51.46479746
2016_12_01,49.25876066
2016_12_02,
2016_12_03,
2016_12_04,0
2016_12_05,
2016_12_06,59.77523619
2016_12_07,72.07650192
2016_12_08,50.73879875
2016_12_09,55.16869773
2016_12_10,
2016_12_11,
2016_12_12,52.9378584
2016_12_13,72.04644667
2016_12_14,
2016_12_15,47.90864671
2016_12_16,63.42113068
2016_12_17,64.36383642
2016_12_18,72
2016_12_19,
2016_12_20,58.53315118
2016_12_21,49.50717322
2016_12_22,
2016_12_23,49.72599842
2016_12_24,61.03156668
2016_12_25,61.34413074
2016_12_26,
2016_12_27,
2016_12_28,65.14402782
2016_12_29,
2016_12_30,52.8968369
2016_12_31,63.61236967
2017_01_01,51.70791909
2017_01_02,51.54396601
2017_01_03,59.64881019
2017_01_04,54.3399877
2017_01_05,47.95825488
2017_01_06,43.5532999
2017_01_07,
2017_01_08,
2017_01_09,37.71971496
2017_01_10,27.74853801
2017_01_11,53.89171975
2017_01_12,61.07398326
2017_01_13,52.85458116
2017_01_14,50.08605209
2017_01_15,39.51250852
2017_01_16,38.00195334
2017_01_17,31.06920078
2017_01_18,33.61032028
2017_01_19,
2017_01_20,
2017_01_21,3.827412034
2017_01_22,
2017_01_23,23.85909865
2017_01_24,40.11111152
2017_01_25,62.31428571
2017_01_26,52.38319074
2017_01_27,48.36331982
2017_01_28,47.8359375
2017_01_29,27.64871386
2017_01_30,
2017_01_31,54.73047106
2017_02_01,45.33872334
2017_02_02,72.35409458
2017_02_03,
2017_02_04,
2017_02_05,
2017_02_06,
2017_02_07,54.52996845
2017_02_08,
2017_02_09,
2017_02_10,46.40909091
2017_02_11,33.6704925
2017_02_12,
2017_02_13,19.15320271
2017_02_14,73.8080823
2017_02_15,
2017_02_16,
2017_02_17,37.95291529
2017_02_18,
2017_02_19,
2017_02_20,
2017_02_21,62.66312007
2017_02_22,22.54388634
2017_02_23,61.7067315
2017_02_24,
2017_02_25,71.30040827
2017_02_26,
2017_02_27,
2017_02_28,68.04184903
2017_03_01,
2017_03_02,
2017_03_03,
2017_03_04,32.74457956
2017_03_05,
2017_03_06,
2017_03_07,
2017_03_08,
2017_03_09,
2017_03_10,6.802121885
2017_03_11,
2017_03_12,
2017_03_13,
2017_03_14,
2017_03_15,
2017_03_16,27.05478105
2017_03_17,
2017_03_18,
2017_03_19,35.47642099
2017_03_20,
2017_03_21,
2017_03_22,
2017_03_23,25.79741327
2017_03_24,
2017_03_25,29.56816609
2017_03_26,
2017_03_27,45.66602391
2017_03_28,
2017_03_29,
2017_03_30,33.40580848
2017_03_31,27.77697157
2017_04_01,83.19396253
2017_04_02,23.54692162
2017_04_03,24.58103297
2017_04_04,
2017_04_05,
2017_04_06,
2017_04_07,
2017_04_08,7.982326288
2017_04_09,20.48594688
2017_04_10,15.31111111
2017_04_11,
2017_04_12,
2017_04_13,
2017_04_14,2.429553438
2017_04_15,24.74511267
2017_04_16,
2017_04_17,5.108929937
2017_04_18,
2017_04_19,
2017_04_20,
2017_04_21,23.15431152
2017_04_22,7.571534178
2017_04_23,
2017_04_24,
2017_04_25,
2017_04_26,
2017_04_27,41.49684156
2017_04_28,65.41013769
2017_04_29,
2017_04_30,69.95505278
2017_05_01,
2017_05_02,80.9176869
2017_05_03,26.89384466
2017_05_04,5.938285799
2017_05_05,
2017_05_06,7.433129524
2017_05_07,21.61883442
2017_05_08,10.35705692
2017_05_09,7.910668659
2017_05_10,11.71656688
2017_05_11,
2017_05_12,5.363707523
2017_05_13,45.51366426
2017_05_14,48.73879344
2017_05_15,
2017_05_16,5.336305937
2017_05_17,75.23362368
2017_05_18,29.14843853
2017_05_19,5.897182427
2017_05_20,23.82674377
2017_05_21,16.31123058
2017_05_22,1.014374081
2017_05_23,14.11847799
2017_05_24,26.16167665
2017_05_25,0
2017_05_26,17.43683204
2017_05_27,15.99352642
2017_05_28,14.30516657
2017_05_29,15.15828588
2017_05_30,
2017_05_31,0
2017_06_01,
2017_06_02,9.728131765
2017_06_03,
2017_06_04,20.93836322
2017_06_05,14.3494583
2017_06_06,11.46999909
2017_06_07,
2017_06_08,
2017_06_09,32.48710371
2017_06_10,1.714285714
2017_06_11,5.414924249
2017_06_12,81.27209945
2017_06_13,56.21460702
2017_06_14,8.577294358
2017_06_15,
2017_06_16,
2017_06_17,0
2017_06_18,86.36862315
2017_06_19,12.16091957
2017_06_20,11.64776099
2017_06_21,5.344481807
2017_06_22,9.522956557
2017_06_23,11.50200112
2017_06_24,10.02552145
2017_06_25,11.06511158
2017_06_26,
2017_06_27,8.864142471
2017_06_28,11.74810967
2017_06_29,8.657998847
2017_06_30,8.565801751
2017_07_01,6.684183315
2017_07_02,8.481822951
2017_07_03,10.01957817
2017_07_04,3.943825279
2017_07_05,2.749117466
2017_07_06,6.95583525
2017_07_07,9.248942417
2017_07_08,6.95007198
2017_07_09,4.939673796
2017_07_10,0
2017_07_11,7.430228047
2017_07_12,5.395521631
2017_07_13,5.590333349
2017_07_14,7.482427555
2017_07_15,5.887710465
2017_07_16,9.905189093
2017_07_17,5.415241315
2017_07_18,6.540344826
2017_07_19,5.714705773
2017_07_20,5.719122027
2017_07_21,5.128775983
2017_07_22,5.391345713
2017_07_23,7.44220274
2017_07_24,5.390107579
2017_07_25,5.115536559
2017_07_26,5.489719114
2017_07_27,4.268406946
2017_07_28,5.419042153
2017_07_29,5.188557476
2017_07_30,5.082374289
2017_07_31,5.237026894
2017_08_01,5.448286115
2017_08_02,5.043445168
2017_08_03,6.163171599
2017_08_04,5.051704476
2017_08_05,5.286093666
2017_08_06,5.607935016
2017_08_07,4.86467758
2017_08_08,5.721445511
2017_08_09,4.717480291
2017_08_10,5.411184016
2017_08_11,9.868451525
2017_08_12,2.198527208
2017_08_13,42.3179579
2017_08_14,3.697203575
2017_08_15,0.125773301
2017_08_16,4.120381651
2017_08_17,6.204899497
2017_08_18,3.334125429
2017_08_19,10.37551929
2017_08_20,0.001774387
2017_08_21,4.228259069
2017_08_22,4.65784421
2017_08_23,3.130094472
2017_08_24,0.213818785
2017_08_25,3.690819967
2017_08_26,4.129447081
2017_08_27,4.101557327
2017_08_28,4.549638487
2017_08_29,5.604456773
2017_08_30,0.695083852
2017_08_31,7.351506187
2017_09_01,3.750691338
2017_09_02,3.973927114
2017_09_03,2.487603862
2017_09_04,6.388857885
2017_09_05,3.371373661
2017_09_06,9.654895909
2017_09_07,16.15384615
2017_09_08,46.29248415
2017_09_09,
2017_09_10,2.785760794
2017_09_11,3.18844004
2017_09_12,2.657657658
2017_09_13,
2017_09_14,2.721666126
2017_09_15,1.769755267
2017_09_16,
2017_09_17,21.69113226
2017_09_18,60.33283582
2017_09_19,
2017_09_20,
2017_09_21,
2017_09_22,0.97288808
2017_09_23,5.207091691
2017_09_24,9.814781889
2017_09_25,
2017_09_26,4.680484522
2017_09_27,5.330896179
2017_09_28,4.618671958
2017_09_29,
2017_09_30,6.508172802
2017_10_01,17.89582874
2017_10_02,8.497442243
2017_10_03,6.324927879
2017_10_04,5.916222205
2017_10_05,3.31834163
2017_10_06,0.507356946
2017_10_07,55.18181818
2017_10_08,24.73148984
2017_10_09,12.54900176
2017_10_10,
2017_10_11,17.45231453
2017_10_12,60.09409513
2017_10_13,46
2017_10_14,29.26077623
2017_10_15,16.62760684
2017_10_16,9.379891884
2017_10_17,60.6970128
2017_10_18,
2017_10_19,
2017_10_20,
2017_10_21,
2017_10_22,
2017_10_23,18.76736067
2017_10_24,10.46951096
2017_10_25,
2017_10_26,9.568833805
2017_10_27,7.506500802
2017_10_28,5.846293528
2017_10_29,6.099559445
2017_10_30,5.074735562
2017_10_31,1.790160011
2017_11_01,
2017_11_02,56.47813639
2017_11_03,
2017_11_04,52.77184541
2017_11_05,
2017_11_06,48.6912334
2017_11_07,
2017_11_08,47.74660633
2017_11_09,
2017_11_10,56.84933984
2017_11_11,
2017_11_12,22
2017_11_13,54.02748531
2017_11_14,
2017_11_15,
2017_11_16,42.8630137
2017_11_17,56.61003683
2017_11_18,50.25294812
2017_11_19,
2017_11_20,56.98144422
2017_11_21,
2017_11_22,67.24247373
2017_11_23,
2017_11_24,
2017_11_25,
2017_11_26,33
2017_11_27,48.18892491
2017_11_28,
2017_11_29,53.10436603
2017_11_30,
2017_12_01,
2017_12_02,
2017_12_03,55.11973096
2017_12_04,71.52436209
2017_12_05,58.55227949
2017_12_06,34.81759998
2017_12_07,20.61698175
2017_12_08,30.3355106
2017_12_09,19.58688235
2017_12_10,21.96903868
2017_12_11,19.78842371
2017_12_12,69.34603781
2017_12_13,30.36403273
2017_12_14,20.86428356
2017_12_15,
2017_12_16,15.97513393
2017_12_17,
2017_12_18,
2017_12_19,
2017_12_20,55.88299004
2017_12_21,45.43436021
2017_12_22,
2017_12_23,70.38403404
2017_12_24,
2017_12_25,38.58353878
2017_12_26,73.60240641
2017_12_27,
2017_12_28,
2017_12_29,
2017_12_30,26.33542534
2017_12_31,44.4747613
2018_01_01,23.74881812
2018_01_02,
2018_01_03,33.33520947
2018_01_04,42.05507474
2018_01_05,45.12769768
2018_01_06,
2018_01_07,51.79653417
2018_01_08,
2018_01_09,73.24425887
2018_01_10,
2018_01_11,
2018_01_12,61.67967072
2018_01_13,48.66286411
2018_01_14,23.77042297
2018_01_15,21.48791584
2018_01_16,21.95691652
2018_01_17,
2018_01_18,
2018_01_19,41.92307692
2018_01_20,2.414046122
2018_01_21,
2018_01_22,
2018_01_23,
2018_01_24,
2018_01_25,
2018_01_26,
2018_01_27,
2018_01_28,
2018_01_29,
2018_01_30,35.29341524
2018_01_31,
2018_02_01,62.626968
2018_02_02,58.53859671
2018_02_03,77.1574122
2018_02_04,48.55820986
2018_02_05,75.98818996
2018_02_06,53.9513371
2018_02_07,
2018_02_08,
2018_02_09,29.68921845
2018_02_10,27.05475464
2018_02_11,28.2964934
2018_02_12,22.42744268
2018_02_13,30.92313634
2018_02_14,60.4829785
2018_02_15,
2018_02_16,
2018_02_17,
2018_02_18,52.04713276
2018_02_19,65.19286243
2018_02_20,
2018_02_21,63.52938705
2018_02_22,68.30368098
2018_02_23,
2018_02_24,54.6034404
2018_02_25,
2018_02_26,59.17664647
2018_02_27,
2018_02_28,
2018_03_01,47.376
2018_03_02,53.01365212
2018_03_03,57.20918332
2018_03_04,
2018_03_05,61.48726571
2018_03_06,54.13537324
2018_03_07,
2018_03_08,
2018_03_09,46.34725059
2018_03_10,48.11688361
2018_03_11,25.24947771
2018_03_12,61.0005027
2018_03_13,
2018_03_14,29.15560061
2018_03_15,39.18701264
2018_03_16,8.968970055
2018_03_17,4.7305111
2018_03_18,15.73333333
2018_03_19,24.95943832
2018_03_20,31.55388878
2018_03_21,0
2018_03_22,
2018_03_23,36.18181818
2018_03_24,
2018_03_25,
2018_03_26,60.32343819
2018_03_27,
2018_03_28,26.04501643
2018_03_29,0.843015482
2018_03_30,57.15341317
2018_03_31,27.51655365
2018_04_01,
2018_04_02,26.57851801
2018_04_03,48.19309411
2018_04_04,
2018_04_05,
2018_04_06,15.44138305
2018_04_07,
2018_04_08,
2018_04_09,32.72305565
2018_04_10,
2018_04_11,
2018_04_12,
2018_04_13,
2018_04_14,
2018_04_15,
2018_04_16,
2018_04_17,46.50379472
2018_04_18,
2018_04_19,16.46119584
2018_04_20,24.08626597
2018_04_21,11.43677905
2018_04_22,20.38864846
2018_04_23,24.34553317
2018_04_24,17.63379949
2018_04_25,14.91100034
2018_04_26,15.94777192
2018_04_27,29.06654735
2018_04_28,
2018_04_29,16.55785764
2018_04_30,74.31444209
2018_05_01,86.13881851
2018_05_02,20.38957696
2018_05_03,6.34213813
2018_05_04,15.16548507
2018_05_05,
2018_05_06,20.0086591
2018_05_07,12.44149588
2018_05_08,29.17472535
2018_05_09,
2018_05_10,0.643536654
2018_05_11,67.67943403
2018_05_12,13.0592105
2018_05_13,16.6970154
2018_05_14,14.02397847
2018_05_15,13.20225771
2018_05_16,88.41821112
2018_05_17,89.63013593
2018_05_18,
2018_05_19,41.090685
2018_05_20,72.06710932
2018_05_21,21.15188512
2018_05_22,13.6986154
2018_05_23,11.64563609
2018_05_24,6.935520925
2018_05_25,86.03297703
2018_05_26,
2018_05_27,8.548349811
2018_05_28,8.768993495
2018_05_29,
2018_05_30,
2018_05_31,0
2018_06_01,6.924757615
2018_06_02,8.398501289
2018_06_03,
2018_06_04,6.304271215
2018_06_05,1.688003221
2018_06_06,6.76838295
2018_06_07,0.22740942
2018_06_08,
2018_06_09,10.82352941
2018_06_10,
2018_06_11,14.09785709
2018_06_12,
2018_06_13,75.69055375
2018_06_14,83.85564358
2018_06_15,80.11659353
2018_06_16,1.204600906
2018_06_17,2.806343094
2018_06_18,1.567689885
2018_06_19,
2018_06_20,0.733872791
2018_06_21,21.22014318
2018_06_22,13.3963368
2018_06_23,82.6899119
2018_06_24,8.422440954
2018_06_25,23.84437836
2018_06_26,11.83228755
2018_06_27,4.600410421
2018_06_28,28.40255319
2018_06_29,0
2018_06_30,
2018_07_01,2.579336366
2018_07_02,2.285168348
2018_07_03,4.227604535
2018_07_04,
2018_07_05,7.300783967
2018_07_06,0.07102593
2018_07_07,0.318264092
2018_07_08,7.350461293
2018_07_09,5.806584782
2018_07_10,15.94306857
2018_07_11,5.910363319
2018_07_12,5.990460232
2018_07_13,5.703135923
2018_07_14,5.877991523
2018_07_15,5.025304139
2018_07_16,5.313695312
2018_07_17,5.781152721
2018_07_18,4.32309501
2018_07_19,5.375311111
2018_07_20,8.016106743
2018_07_21,3.238376868
2018_07_22,4.853811589
2018_07_23,4.606081436
2018_07_24,4.745935807
2018_07_25,4.571648579
2018_07_26,4.741879201
2018_07_27,4.507948586
2018_07_28,3.815843199
2018_07_29,3.87950379
2018_07_30,5.957015534
2018_07_31,4.277444739
2018_08_01,
2018_08_02,2.905564945
2018_08_03,48.38479107
2018_08_04,2.392508139
2018_08_05,3.795243323
2018_08_06,4.759382501
2018_08_07,4.010434266
2018_08_08,4.018399855
2018_08_09,5.118458578
2018_08_10,4.018208315
2018_08_11,
2018_08_12,5.438959291
2018_08_13,4.113687269
2018_08_14,3.259287149
2018_08_15,4.597836291
2018_08_16,2.412937248
2018_08_17,3.541041765
2018_08_18,4.105333631
2018_08_19,3.331632073
2018_08_20,10.7605945
2018_08_21,3.107702365
2018_08_22,6.910674549
2018_08_23,0
2018_08_24,19.17390622
2018_08_25,57.4049903
2018_08_26,40
2018_08_27,25.14653127
2018_08_28,2.896754022
2018_08_29,2.914902484
2018_08_30,35.4239955
2018_08_31,5.706928886
2018_09_01,46.65321398
2018_09_02,2.846230027
2018_09_03,2.626070754
2018_09_04,2.660723529
2018_09_05,3.167332713
2018_09_06,2.536766542
2018_09_07,1.37202877
2018_09_08,
2018_09_09,0.036777906
2018_09_10,69.74337349
2018_09_11,6.493970549
2018_09_12,48.33583752
2018_09_13,1.879555773
2018_09_14,9.16852523
2018_09_15,
2018_09_16,
2018_09_17,3.516842518
2018_09_18,4.451469052
2018_09_19,1.183416438
2018_09_20,0.292349941
2018_09_21,0
2018_09_22,44.01782531
2018_09_23,25.48505103
2018_09_24,3.695152138
2018_09_25,3.347770183
2018_09_26,3.413145017
2018_09_27,3.059920209
2018_09_28,3.262480701
2018_09_29,12.43133688
2018_09_30,
2018_10_01,
2018_10_02,40.3078574
2018_10_03,34.875
2018_10_04,0.118031614
2018_10_05,
2018_10_06,74.86551602
2018_10_07,55.79150154
2018_10_08,
2018_10_09,54.65423715
2018_10_10,0.707621978
2018_10_11,5.184611575
2018_10_12,4.72361585
2018_10_13,5.129783093
2018_10_14,5.044218428
2018_10_15,4.063887493
2018_10_16,4.225906085
2018_10_17,3.537013464
2018_10_18,3.717498031
2018_10_19,3.323636085
2018_10_20,2.784974848
2018_10_21,3.730879507
2018_10_22,3.060934904
2018_10_23,
2018_10_24,51.93865661
2018_10_25,
2018_10_26,46.26034063
2018_10_27,4.733794586
2018_10_28,47.6730818
2018_10_29,
2018_10_30,19.23417081
2018_10_31,
2018_11_01,
2018_11_02,43.92939629
2018_11_03,
2018_11_04,79.6498801
2018_11_05,48.11790517
2018_11_06,65.92864807
2018_11_07,42.60127905
2018_11_08,36.53927426
2018_11_09,67
2018_11_10,21.35616966
2018_11_11,18.59024228
2018_11_12,34.10633586
2018_11_13,19.64272169
2018_11_14,
2018_11_15,14.45081294
2018_11_16,46.46706428
2018_11_17,21.22775819
2018_11_18,13.72450565
2018_11_19,12.09303209
2018_11_20,10.34697766
2018_11_21,
2018_11_22,
2018_11_23,50.99559471
2018_11_24,
2018_11_25,36.3882713
2018_11_26,
2018_11_27,47.17721519
2018_11_28,
2018_11_29,
2018_11_30,41.82850419
2018_12_01,51.45203856
2018_12_02,36.93323083
2018_12_03,52.58349395
2018_12_04,31.6532607
2018_12_05,30.75894916
2018_12_06,26.16988718
2018_12_07,26.5714218
2018_12_08,21.29858567
2018_12_09,
2018_12_10,
2018_12_11,
2018_12_12,
2018_12_13,
2018_12_14,
2018_12_15,37.40247703
2018_12_16,
2018_12_17,
2018_12_18,67.1086774
2018_12_19,35.1105692
2018_12_20,56.36363636
2018_12_21,
2018_12_22,40.55074599
2018_12_23,48.18181818
2018_12_24,
2018_12_25,56.16215602
2018_12_26,
2018_12_27,57.83953012
2018_12_28,
2018_12_29,
2018_12_30,41.34276782
2018_12_31,53.22676705
2019_01_01,43.29067737
2019_01_02,47.0761009
2019_01_03,
2019_01_04,35.86554082
2019_01_05,
2019_01_06,
2019_01_07,46.78053174
2019_01_08,
2019_01_09,
2019_01_10,58.3255113
2019_01_11,14.73787176
2019_01_12,30.68783833
2019_01_13,29.86605373
2019_01_14,22.02634068
2019_01_15,61.53871985
2019_01_16,37.22014972
2019_01_17,
2019_01_18,
2019_01_19,
2019_01_20,
2019_01_21,21.59260027
2019_01_22,
2019_01_23,65.17741273
2019_01_24,44.76774022
2019_01_25,49.15114579
2019_01_26,40.76610749
2019_01_27,47.05129009
2019_01_28,
2019_01_29,35.88050957
2019_01_30,26.41246265
2019_01_31,30.63400336
2019_02_01,
2019_02_02,32.22011055
2019_02_03,
2019_02_04,
2019_02_05,66.05939173
2019_02_06,65.12717789
2019_02_07,49.57121566
2019_02_08,
2019_02_09,
2019_02_10,0
2019_02_11,
2019_02_12,
2019_02_13,64.63324676
2019_02_14,
2019_02_15,
2019_02_16,53.05767092
2019_02_17,52.97691466
2019_02_18,69.94230047
2019_02_19,
2019_02_20,51.77595628
2019_02_21,52.75878358
2019_02_22,
2019_02_23,48.36842105
2019_02_24,52.10271159
2019_02_25,
2019_02_26,44.85915758
2019_02_27,27
2019_02_28,49.10465768
2019_03_01,28.06005949
2019_03_02,26.5847497
2019_03_03,35.21677179
2019_03_04,57.8176697
2019_03_05,34.89252236
2019_03_06,
2019_03_07,
2019_03_08,56.85714286
2019_03_09,54.3006372
2019_03_10,41.49973808
2019_03_11,30.07952657
2019_03_12,
2019_03_13,50.97487027
2019_03_14,
2019_03_15,44.84243334
2019_03_16,23.82060826
2019_03_17,22.37172188
2019_03_18,21.12958383
2019_03_19,18.77980543
2019_03_20,20.84191319
2019_03_21,23.7782016
2019_03_22,24.35028859
2019_03_23,
2019_03_24,57.02576434
2019_03_25,
2019_03_26,14.42546143
2019_03_27,
2019_03_28,5.816938242
2019_03_29,1.753572456
2019_03_30,14.46226689
2019_03_31,15.79733756
2019_04_01,
2019_04_02,6.321146656
2019_04_03,
2019_04_04,17.71094327
2019_04_05,
2019_04_06,
2019_04_07,72.51581127
2019_04_08,
2019_04_09,62.95180723
2019_04_10,
2019_04_11,
2019_04_12,44.73066403
2019_04_13,
2019_04_14,
2019_04_15,17.2506742
2019_04_16,
2019_04_17,31.07575131
2019_04_18,
2019_04_19,
2019_04_20,75.94971335
2019_04_21,24.01264731
2019_04_22,
2019_04_23,
2019_04_24,23.71338226
2019_04_25,22.02004774
2019_04_26,14.47041308
2019_04_27,1.054445507
2019_04_28,7.024701925
2019_04_29,20.4750362
2019_04_30,16.90721822
2019_05_01,12.88447294
2019_05_02,18.78182603
2019_05_03,7.829809337
2019_05_04,17.24594032
2019_05_05,13.94599556
2019_05_06,10.4683782
2019_05_07,17.53591057
2019_05_08,14.66656059
2019_05_09,16.65828131
2019_05_10,15.12298445
2019_05_11,12.69914927
2019_05_12,14.89379581
2019_05_13,
2019_05_14,
2019_05_15,
2019_05_16,
2019_05_17,18.46263541
2019_05_18,11.0402265
2019_05_19,
2019_05_20,
2019_05_21,
2019_05_22,0
2019_05_23,12.88433241
2019_05_24,77.42843233
2019_05_25,
2019_05_26,
2019_05_27,
2019_05_28,8.728765213
2019_05_29,10.11633297
2019_05_30,8.394694641
2019_05_31,9.660180733
2019_06_01,9.999563036
2019_06_02,8.493170686
2019_06_03,4.163630793
2019_06_04,9.695053357
2019_06_05,
2019_06_06,26.82159351
2019_06_07,0
2019_06_08,55.33904455
2019_06_09,
2019_06_10,7.038763366
2019_06_11,10.58220619
2019_06_12,2.083617864
2019_06_13,8.52157193
2019_06_14,83.63621176
2019_06_15,7.683335575
2019_06_16,13.50427336
2019_06_17,5.644249389
2019_06_18,0
2019_06_19,79.19800864
2019_06_20,25.88421285
2019_06_21,76.8275357
2019_06_22,6.073806387
2019_06_23,74.50742883
2019_06_24,15.38684225
2019_06_25,1.56941323
2019_06_26,1.783389513
2019_06_27,
2019_06_28,2.549642033
2019_06_29,0.38839923
2019_06_30,3.93835512
2019_07_01,2.63922419
2019_07_02,70.74688057
2019_07_03,73.14296763
2019_07_04,46.90043526
2019_07_05,3.616564938
2019_07_06,71.12583177
2019_07_07,66.39265956
2019_07_08,6.589169964
2019_07_09,
2019_07_10,
2019_07_11,
2019_07_12,
2019_07_13,3.998149875
2019_07_14,2.711970064
2019_07_15,
2019_07_16,38.98758456
2019_07_17,
2019_07_18,26.7098274
2019_07_19,8.819117465
2019_07_20,5.317191214
2019_07_21,4.531248002
2019_07_22,2.356549311
2019_07_23,2.079770623
2019_07_24,3.135625241
2019_07_25,4.135362084
2019_07_26,4.082288338
2019_07_27,63.39738027
2019_07_28,3.837716204
2019_07_29,3.045567422
2019_07_30,3.396209797
2019_07_31,3.118434505
2019_08_01,3.410014329
2019_08_02,44.98901099
2019_08_03,3.554767678
2019_08_04,3.603604646
2019_08_05,4.133902407
2019_08_06,3.494517754
2019_08_07,3.74409448
2019_08_08,0.618992135
2019_08_09,5.866179007
2019_08_10,
2019_08_11,37.18310383
2019_08_12,5.883871593
2019_08_13,2.485518455
2019_08_14,0.167249913
2019_08_15,2.981301319
2019_08_16,46.95678776
2019_08_17,36.90336371
2019_08_18,2.935930459
2019_08_19,2.73599797
2019_08_20,1.249990792
2019_08_21,
2019_08_22,33.22722129
2019_08_23,15.27735984
2019_08_24,1.445383015
2019_08_25,9.81762892
2019_08_26,2.573408922
2019_08_27,2.664199819
2019_08_28,2.570697556
2019_08_29,0
2019_08_30,9.794347615
2019_08_31,0.141576667
2019_09_01,1.510242921
2019_09_02,2.48784868
2019_09_03,0
2019_09_04,3.346452129
2019_09_05,1.600520384
2019_09_06,3.70E-04
2019_09_07,2.774732858
2019_09_08,6.362631041
2019_09_09,57.9476838
2019_09_10,37.75463922
2019_09_11,0
2019_09_12,1.841026472
2019_09_13,2.245614035
2019_09_14,
2019_09_15,
2019_09_16,7.638373026
2019_09_17,
2019_09_18,18.875
2019_09_19,72.34860415
2019_09_20,72.1744186
2019_09_21,5.039551313
2019_09_22,
2019_09_23,
2019_09_24,0.073367896
2019_09_25,0.580675504
2019_09_26,18.13870298
2019_09_27,5.041666667
2019_09_28,7.704111388
2019_09_29,
2019_09_30,14.14040843
2019_10_01,4.378284075
2019_10_02,12.47839719
2019_10_03,14.82296574
2019_10_04,37.18798541
2019_10_05,67.88387905
2019_10_06,5.298540239
2019_10_07,
2019_10_08,
2019_10_09,19.34965164
2019_10_10,19.62410789
2019_10_11,1.649142071
2019_10_12,
2019_10_13,71.03599236
2019_10_14,0.426659878
2019_10_15,
2019_10_16,57.61406518
2019_10_17,
2019_10_18,
2019_10_19,
2019_10_20,
2019_10_21,
2019_10_22,21.1508074
2019_10_23,21.21075869
2019_10_24,10.89467185
2019_10_25,
2019_10_26,13.57484272
2019_10_27,11.71696608
2019_10_28,10.52022436
2019_10_29,8.859156176
2019_10_30,13.12861557
2019_10_31,
2019_11_01,11.45623572
2019_11_02,11.83683816
2019_11_03,0.939583932
2019_11_04,11.80459166
2019_11_05,6.322830143
2019_11_06,2.242929306
2019_11_07,
2019_11_08,1.545848319
2019_11_09,
2019_11_10,38.48806466
2019_11_11,13.34159052
2019_11_12,43.51685393
2019_11_13,6.943102154
2019_11_14,
2019_11_15,
2019_11_16,49.42070015
2019_11_17,55.34164841
2019_11_18,
2019_11_19,56.31092633
2019_11_20,33.53731488
2019_11_21,11.92256423
2019_11_22,13.57842948
2019_11_23,
2019_11_24,27.97341779
2019_11_25,58.01639344
2019_11_26,
2019_11_27,41.99991774
2019_11_28,24.54965985
2019_11_29,37.27255459
2019_11_30,26.51764668
2019_12_01,61.99477566
2019_12_02,61.72085766
2019_12_03,54.88447552
2019_12_04,
2019_12_05,27.5
2019_12_06,26.52584746
2019_12_07,
2019_12_08,43.92951863
2019_12_09,24.42579167
2019_12_10,19.26685815
2019_12_11,
2019_12_12,
2019_12_13,59.09211585
2019_12_14,57.93132832
2019_12_15,57.35306894
2019_12_16,61.37768739
2019_12_17,
2019_12_18,
2019_12_19,
2019_12_20,
2019_12_21,
2019_12_22,0
2019_12_23,53.64662268
2019_12_24,48.24718096
2019_12_25,54.05420507
2019_12_26,
2019_12_27,
2019_12_28,51.4618953
2019_12_29,42.11541867
2019_12_30,
2019_12_31,
2020_01_01,55.84366315
2020_01_02,
2020_01_03,52.03437164
2020_01_04,55.93310692
2020_01_05,
2020_01_06,
2020_01_07,
2020_01_08,65.55502756
2020_01_09,52.12429379
2020_01_10,
2020_01_11,
2020_01_12,
2020_01_13,55.72893204
2020_01_14,
2020_01_15,
2020_01_16,45.19010748
2020_01_17,47.60018003
2020_01_18,
2020_01_19,48.91447583
2020_01_20,
2020_01_21,
2020_01_22,57.18079264
2020_01_23,
2020_01_24,56.73242392
2020_01_25,37.3718461
2020_01_26,58.25102343
2020_01_27,47.71433634
2020_01_28,42.37061404
2020_01_29,
2020_01_30,
2020_01_31,
2020_02_01,
2020_02_02,29.33603437
2020_02_03,57.88533391
2020_02_04,
2020_02_05,
2020_02_06,
2020_02_07,
2020_02_08,64.47110461
2020_02_09,36.51713208
2020_02_10,44.61725719
2020_02_11,60.83762467
2020_02_12,53.51025747
2020_02_13,
2020_02_14,50.13949338
2020_02_15,
2020_02_16,59
2020_02_17,42.81442278
2020_02_18,49.05244884
2020_02_19,47.10138053
2020_02_20,33.21481294
2020_02_21,40.36356715
2020_02_22,
2020_02_23,68
2020_02_24,63.11810835
2020_02_25,32.54124613
2020_02_26,78.15881744
2020_02_27,29.1097812
2020_02_28,24.07279368
2020_02_29,
2020_03_01,56.43118672
2020_03_02,
2020_03_03,52.03114917
2020_03_04,9.483307537
2020_03_05,16.2761409
2020_03_06,59.24789987
2020_03_07,
2020_03_08,47.59224053
2020_03_09,28.69254536
2020_03_10,
2020_03_11,35.09408569
2020_03_12,24.61109857
2020_03_13,
2020_03_14,
2020_03_15,46.63563307
2020_03_16,35.38873464
2020_03_17,36.90766362
2020_03_18,37.57469574
2020_03_19,27.09245988
2020_03_20,18.37744138
2020_03_21,24.22444245
2020_03_22,43.75285921
2020_03_23,12.80555556
2020_03_24,49.15498734
2020_03_25,48.09558463
2020_03_26,63.63230519
2020_03_27,
2020_03_28,
2020_03_29,57.42060787
2020_03_30,
2020_03_31,51.27066788
2020_04_01,37.35824952
2020_04_02,37.96814534
2020_04_03,
2020_04_04,58.77167996
2020_04_05,
2020_04_06,7.315871627
2020_04_07,38.58259616
2020_04_08,20.31304916
2020_04_09,22.32536418
2020_04_10,22.7439893
2020_04_11,75.22777018
2020_04_12,16.14928723
2020_04_13,25.04443201
2020_04_14,27.63799059
2020_04_15,85.34211268
2020_04_16,28.63617396
2020_04_17,17.67125653
2020_04_18,
2020_04_19,80.3280411
2020_04_20,22.38745938
2020_04_21,13.36994038
2020_04_22,
2020_04_23,64.04110155
2020_04_24,
2020_04_25,8.218467324
2020_04_26,
2020_04_27,2.816764133
2020_04_28,
2020_04_29,
2020_04_30,
2020_05_01,20.36763603
2020_05_02,
2020_05_03,26.10650749
2020_05_04,35.80352798
2020_05_05,12.6231376
2020_05_06,27.65999023
2020_05_07,21.0019106
2020_05_08,16.89580437
2020_05_09,2.865520924
2020_05_10,9.881374398
2020_05_11,72.90572612
2020_05_12,
2020_05_13,32.40607868
2020_05_14,14.13929796
2020_05_15,80.6476378
2020_05_16,
2020_05_17,
2020_05_18,30.09939759
2020_05_19,78.94696267
2020_05_20,85.0834405
2020_05_21,47
2020_05_22,
2020_05_23,71.8348213
2020_05_24,11.45194977
2020_05_25,
2020_05_26,14.41450863
2020_05_27,8.649674693
2020_05_28,23.32931413
2020_05_29,7.320418983
2020_05_30,
2020_05_31,48.54407025
2020_06_01,5.955355325
2020_06_02,
2020_06_03,4.400449561
2020_06_04,53.48734894
2020_06_05,
2020_06_06,7.193607366
2020_06_07,
2020_06_08,
2020_06_09,33.55823542
2020_06_10,12.0784589
2020_06_11,0
2020_06_12,
2020_06_13,
2020_06_14,26.03592158
2020_06_15,
2020_06_16,36.14645669
2020_06_17,69.99376637
2020_06_18,10.13523279
2020_06_19,18.7043118
2020_06_20,
2020_06_21,15.40695999
2020_06_22,11.71103508
2020_06_23,10.64415383
2020_06_24,36.24073589
2020_06_25,9.417841123
2020_06_26,3.622112856
2020_06_27,7.265401096
2020_06_28,
2020_06_29,8.068866993
2020_06_30,82.61746988
2020_07_01,82.03537736
2020_07_02,79.07720207
2020_07_03,0.246964166
2020_07_04,31.52295709
2020_07_05,8.948062443
2020_07_06,7.423388429
2020_07_07,37.41208791
2020_07_08,24.53475539
2020_07_09,
2020_07_10,8.38862531
2020_07_11,6.32375749
2020_07_12,23.2798527
2020_07_13,5.963439716
2020_07_14,6.582792773
2020_07_15,7.925531891
2020_07_16,3.526381537
2020_07_17,7.116706074
2020_07_18,6.277734581
2020_07_19,7.116337864
2020_07_20,6.903684088
2020_07_21,6.52914774
2020_07_22,3.502926406
2020_07_23,4.423703681
2020_07_24,68.53215913
2020_07_25,4.97515638
2020_07_26,6.241518131
2020_07_27,5.569859478
2020_07_28,5.846422934
2020_07_29,4.465310529
2020_07_30,4.86111703
2020_07_31,5.192528338
2020_08_01,0.120334104
2020_08_02,5.291530358
2020_08_03,10.58132421
2020_08_04,4.799793041
2020_08_05,4.490638531
2020_08_06,39.09310532
2020_08_07,3.100865316
2020_08_08,5.580424812
2020_08_09,4.380176221
2020_08_10,4.006994887
2020_08_11,3.067703787
2020_08_12,4.446920021
2020_08_13,2.923976529
2020_08_14,4.441145655
2020_08_15,3.801937654
2020_08_16,4.521872315
2020_08_17,3.652279885
2020_08_18,2.320996071
2020_08_19,3.640152727
2020_08_20,
2020_08_21,
2020_08_22,5.18924805
2020_08_23,4.26397215
2020_08_24,2.944001375
2020_08_25,3.601642784
2020_08_26,3.242700428
2020_08_27,3.541735607
2020_08_28,3.399129717
2020_08_29,7.390767721
2020_08_30,3.430853466
2020_08_31,42.86065163
2020_09_01,3.34503639
2020_09_02,2.787840242
2020_09_03,3.145597938
2020_09_04,2.863409557
2020_09_05,13.63008134
2020_09_06,3.016385904
2020_09_07,2.6309548
2020_09_08,3.108241686
2020_09_09,2.799147468
2020_09_10,3.223701294
2020_09_11,2.628046829
2020_09_12,13.49523723
2020_09_13,3.608645623
2020_09_14,4.996150871
2020_09_15,
2020_09_16,16.30217482
2020_09_17,12.63916083
2020_09_18,
2020_09_19,72.53957784
2020_09_20,5.442759009
2020_09_21,
2020_09_22,7.187385374
2020_09_23,
2020_09_24,54.93650036
2020_09_25,
2020_09_26,19.5
2020_09_27,3.95177482
2020_09_28,5.269246461
2020_09_29,4.904196351
2020_09_30,8.9160158
2020_10_01,6.660377086
2020_10_02,4.177845731
2020_10_03,4.084570726
2020_10_04,3.660303489
2020_10_05,3.636441492
2020_10_06,3.290746
2020_10_07,3.763338427
2020_10_08,1.550043278
2020_10_09,3.864613368
2020_10_10,6.275906527
2020_10_11,
2020_10_12,8.49909152
2020_10_13,
2020_10_14,7.040742781
2020_10_15,10.81604127
2020_10_16,61.38987987
2020_10_17,7.50165852
2020_10_18,71.14991554
2020_10_19,13.86809261
2020_10_20,1.087400914
2020_10_21,23.62927257
2020_10_22,6.076509914
2020_10_23,
2020_10_24,38.64870813
2020_10_25,13.1848698
2020_10_26,19.7722811
2020_10_27,9.97062439
2020_10_28,7.007721832
2020_10_29,8.569925825
2020_10_30,47.69603773
2020_10_31,5.038609148
2020_11_01,5.548443478
2020_11_02,5.019581476
2020_11_03,67
2020_11_04,
2020_11_05,
2020_11_06,51.54749741
2020_11_07,73.26732926
2020_11_08,10.85389851
2020_11_09,42.5579219
2020_11_10,
2020_11_11,60.07129168
2020_11_12,56.33815413
2020_11_13,
2020_11_14,
2020_11_15,
2020_11_16,
2020_11_17,40.46163432
2020_11_18,
2020_11_19,
2020_11_20,36.31937571
2020_11_21,37.08117767
2020_11_22,
2020_11_23,41.62498216
2020_11_24,
2020_11_25,27.19216418
2020_11_26,57.24385757
2020_11_27,37.35735635
2020_11_28,38.20963132
2020_11_29,46.84867174
2020_11_30,37.68920596
2020_12_01,44.88136045
2020_12_02,25.91380785
2020_12_03,50.50724638
2020_12_04,31.21205609
2020_12_05,30.91608068
2020_12_06,20.65446802
2020_12_07,1.499470339
2020_12_08,
2020_12_09,50.44419534
2020_12_10,
2020_12_11,14.96059322
2020_12_12,52.43425414
2020_12_13,
2020_12_14,52.28473014
2020_12_15,
2020_12_16,
2020_12_17,55.70807943
2020_12_18,
2020_12_19,
2020_12_20,
2020_12_21,
2020_12_22,44.0755336
2020_12_23,49.94759363
2020_12_24,
2020_12_25,
2020_12_26,49.85294118
2020_12_27,
2020_12_28,37.21606354
2020_12_29,
2020_12_30,55.00589971
2020_12_31,62.81461016
2021_01_01,
2021_01_02,
2021_01_03,44
2021_01_04,
2021_01_05,
2021_01_06,48.82086837
2021_01_07,
2021_01_08,
2021_01_09,38.33158967
2021_01_10,27.17097165
2021_01_11,
2021_01_12,
2021_01_13,2.016265673
2021_01_14,18.9360582
2021_01_15,43.38913418
2021_01_16,9.301084325
2021_01_17,49.87744225
2021_01_18,34.1862436
2021_01_19,
2021_01_20,
2021_01_21,58.42460428
2021_01_22,68.31745121
2021_01_23,32.90540369
2021_01_24,
2021_01_25,54.11761396
2021_01_26,
2021_01_27,26.68787646
2021_01_28,
2021_01_29,37.13319112
2021_01_30,
2021_01_31,
2021_02_01,
2021_02_02,58.3
2021_02_03,57.81314788
2021_02_04,53.51380042
2021_02_05,54.39475849
2021_02_06,52.76734694
2021_02_07,
2021_02_08,26.3401245
2021_02_09,45.18442457
2021_02_10,78.60208644
2021_02_11,
2021_02_12,
2021_02_13,
2021_02_14,
2021_02_15,
2021_02_16,63.92199688
2021_02_17,33.74344718
2021_02_18,
2021_02_19,
2021_02_20,64.82926612
2021_02_21,
2021_02_22,
2021_02_23,
2021_02_24,54.17156175
2021_02_25,
2021_02_26,56.4
2021_02_27,35.71255606
2021_02_28,52.9531433
2021_03_01,53.93707617
2021_03_02,45.06451873
2021_03_03,37.21688253
2021_03_04,
2021_03_05,
2021_03_06,31.39621824
2021_03_07,11.6322951
2021_03_08,
2021_03_09,
2021_03_10,18.90490184
2021_03_11,31.87293228
2021_03_12,36.68894065
2021_03_13,36.86732187
2021_03_14,
2021_03_15,72.79864253
2021_03_16,36.79537321
2021_03_17,50.91988589
2021_03_18,13.77890037
2021_03_19,12.75111473
2021_03_20,63.51147541
2021_03_21,
2021_03_22,57.79203372
2021_03_23,54.41162911
2021_03_24,
2021_03_25,39.50668292
2021_03_26,77.02462653
2021_03_27,31.34679204
2021_03_28,
2021_03_29,38.34702223
2021_03_30,51.32196003
2021_03_31,23.65357171
2021_04_01,28.34600366
2021_04_02,17.66196469
2021_04_03,13.71392959
2021_04_04,11.61281194
2021_04_05,28.17853683
2021_04_06,31.67705981
2021_04_07,
2021_04_08,45.62008535
2021_04_09,24.48466872
2021_04_10,15.10139243
2021_04_11,19.02348092
2021_04_12,34.05575433
2021_04_13,33.24876227
2021_04_14,25.19185808
2021_04_15,19.97547677
2021_04_16,18.60449919
2021_04_17,19.42919994
2021_04_18,14.88683424
2021_04_19,25.53404021
2021_04_20,7.450167054
2021_04_21,22.0914629
2021_04_22,87.10330106
2021_04_23,13.9860644
2021_04_24,
2021_04_25,1.021432709
2021_04_26,13.64323211
2021_04_27,
2021_04_28,11.93522267
2021_04_29,0
2021_04_30,
2021_05_01,84.53013798
2021_05_02,19.04776435
2021_05_03,52.4290338
2021_05_04,11.54376432
2021_05_05,7.259108377
2021_05_06,10.78651435
2021_05_07,
2021_05_08,
2021_05_09,77.37402068
2021_05_10,16.5791328
2021_05_11,16.04023836
2021_05_12,
2021_05_13,11.5988026
2021_05_14,18.79389516
2021_05_15,13.45649408
2021_05_16,15.17905154
2021_05_17,
2021_05_18,14.99019103
2021_05_19,31.82747112
2021_05_20,
2021_05_21,39.17608172
2021_05_22,7.65371648
2021_05_23,
2021_05_24,
2021_05_25,
2021_05_26,19.36077067
2021_05_27,2.990551745
2021_05_28,14.54698226
2021_05_29,14.49137027
2021_05_30,24.00535454
2021_05_31,14.54134884
2021_06_01,13.90407735
2021_06_02,13.54692661
2021_06_03,10.93779666
2021_06_04,13.78721953
2021_06_05,52.99115044
2021_06_06,
2021_06_07,
2021_06_08,0
2021_06_09,3.838671947
2021_06_10,6.629655499
2021_06_11,
2021_06_12,3.160301525
2021_06_13,
2021_06_14,
2021_06_15,5.464381189
2021_06_16,12.94722269
2021_06_17,10.53192326
2021_06_18,10.89722909
2021_06_19,7.974656181
2021_06_20,10.34215481
2021_06_21,9.731510529
2021_06_22,9.20350658
2021_06_23,10.43329742
2021_06_24,5.753708048
2021_06_25,8.326980176
2021_06_26,9.182697991
2021_06_27,10.19658411
2021_06_28,8.512061799
2021_06_29,8.688997703
2021_06_30,8.570898539
2021_07_01,63.23325136
2021_07_02,26.33472808
2021_07_03,6.419928233
2021_07_04,4.446822246
2021_07_05,5.605018467
2021_07_06,6.473637456
2021_07_07,4.692193813
2021_07_08,5.621370032
2021_07_09,6.059612348
2021_07_10,4.832245027
2021_07_11,5.316170937
2021_07_12,4.698638357
2021_07_13,4.885071799
2021_07_14,4.618527661
2021_07_15,4.887258218
2021_07_16,57.93053617
2021_07_17,2.931329278
2021_07_18,4.401462941
2021_07_19,3.933703697
2021_07_20,2.416626739
2021_07_21,4.758524989
2021_07_22,4.164613052
2021_07_23,4.082389953
2021_07_24,3.881041837
2021_07_25,3.76058486
2021_07_26,3.545715282
2021_07_27,2.117600483
2021_07_28,7.975403395
2021_07_29,3.559313682
2021_07_30,3.40513934
2021_07_31,
2021_08_01,11.73836123
2021_08_02,3.556906691
2021_08_03,19.60032572
2021_08_04,3.40986
2021_08_05,14.53805815
2021_08_06,40.86707504
2021_08_07,
2021_08_08,38.71428571
2021_08_09,2.999511768
2021_08_10,3.169371179
2021_08_11,2.79102714
2021_08_12,3.877824835
2021_08_13,4.257205542
2021_08_14,11.65889204
2021_08_15,2.371619921
2021_08_16,0
2021_08_17,
2021_08_18,2.109239817
2021_08_19,2.065993167
2021_08_20,
2021_08_21,59.49337261
2021_08_22,31.34309606
2021_08_23,2.277400431
2021_08_24,2.432409414
2021_08_25,2.063727558
2021_08_26,26.08333333
2021_08_27,42.43775659
2021_08_28,2.744837692
2021_08_29,2.180368673
2021_08_30,3.135155996
2021_08_31,11.58172708
2021_09_01,2.11795032
2021_09_02,1.926143076
2021_09_03,0.130617558
2021_09_04,5.276869374
2021_09_05,1.025362103
2021_09_06,2.32539374
2021_09_07,1.219621043
2021_09_08,2.047371628
2021_09_09,33.35714286
2021_09_10,
2021_09_11,1.539627642
2021_09_12,17.10374409
2021_09_13,10.58842505
2021_09_14,0.263012648
2021_09_15,1.076104068
2021_09_16,1.999518534
2021_09_17,
2021_09_18,
2021_09_19,20.76960326
2021_09_20,5.210698642
2021_09_21,5.342105481
2021_09_22,
2021_09_23,4.179788027
2021_09_24,3.885254951
2021_09_25,3.195676042
2021_09_26,1.302384807
2021_09_27,
2021_09_28,56.31602421
2021_09_29,
2021_09_30,
2021_10_01,6.405961872
2021_10_02,3.554708893
2021_10_03,7.760717932
2021_10_04,3.735125642
2021_10_05,
2021_10_06,8.395668471
2021_10_07,6.855791946
2021_10_08,0.152276575
2021_10_09,
2021_10_10,43.18453427
2021_10_11,24.09291199
2021_10_12,
2021_10_13,61.41259843
2021_10_14,67.76787404
2021_10_15,0.2534491
2021_10_16,11.14318154
2021_10_17,
2021_10_18,82.65388876
2021_10_19,14.07702182
2021_10_20,
2021_10_21,
2021_10_22,
2021_10_23,
2021_10_24,
2021_10_25,
2021_10_26,
2021_10_27,72.78291647
2021_10_28,
2021_10_29,28.82106251
2021_10_30,10.96785576
2021_10_31,8.902504853
2021_11_01,58.6269555
2021_11_02,
2021_11_03,
2021_11_04,
2021_11_05,14.96302968
2021_11_06,31.25
2021_11_07,
2021_11_08,44.50940804
2021_11_09,57.22593519
2021_11_10,53.34706221
2021_11_11,
2021_11_12,
2021_11_13,
2021_11_14,36
2021_11_15,
2021_11_16,33.12898747
2021_11_17,37.79248611
2021_11_18,
2021_11_19,32.77096937
2021_11_20,34.48091272
2021_11_21,20.97335902
2021_11_22,32.15721304
2021_11_23,
2021_11_24,50.41099381
2021_11_25,
2021_11_26,17.88329584
2021_11_27,
2021_11_28,
2021_11_29,26.08453405
2021_11_30,
2021_12_01,
2021_12_02,43.39621613
2021_12_03,
2021_12_04,
2021_12_05,
2021_12_06,51.45093302
2021_12_07,76.11624842
2021_12_08,66.40814096
2021_12_09,53.13636364
2021_12_10,
2021_12_11,59.23783878
2021_12_12,44.09455008
2021_12_13,
2021_12_14,
2021_12_15,53.34221739
2021_12_16,
2021_12_17,59.73286259
2021_12_18,
2021_12_19,
2021_12_20,
2021_12_21,53.77811441
2021_12_22,
2021_12_23,50.98137823
2021_12_24,50.05322449
2021_12_25,
2021_12_26,
2021_12_27,42.47668158
2021_12_28,
2021_12_29,61.43576305
2021_12_30,33.32574661
2021_12_31,58.33621492
